crop_type,region,soil_type,rainfall_mm,temperature_c,humidity_pct,soil_ph,nitrogen_kg_ha,phosphorus_kg_ha,potassium_kg_ha,pest_risk,yield_ton_per_hectare
Rice,East,Clay,1137.78,28.68,85.78,6.69,157.81,38.83,38.06,4.56,6.217
Rice,South,Loamy,1123.68,27.61,74.01,6.8,113.7,24.0,96.51,1.25,4.677
Rice,South,Loamy,1094.81,27.35,67.28,5.63,110.63,84.15,40.06,5.94,4.776
Rice,South,Sandy,1399.56,31.17,73.96,5.81,106.78,93.39,82.48,9.11,6.87
Rice,East,Sandy,1181.06,30.2,83.87,6.53,101.84,51.32,80.51,6.28,6.817
Rice,North,Loamy,1078.21,27.84,63.73,6.63,164.87,25.53,93.29,7.9,3.789
Rice,East,Sandy,1103.04,23.57,74.68,5.37,162.53,63.99,105.71,1.35,6.184
Rice,East,Alluvial,1495.51,27.72,61.09,5.7,38.05,62.78,47.66,1.85,7.345
Rice,North,Clay,1190.23,26.17,59.39,5.49,45.88,61.57,92.28,8.75,1.751
Rice,West,Alluvial,1148.72,31.57,64.5,7.05,55.37,35.09,55.14,2.9,6.529
Rice,West,Alluvial,1237.06,30.6,54.7,5.6,78.01,30.17,128.53,9.35,4.165
Rice,North,Black,1418.81,24.41,88.23,6.33,88.86,28.04,102.21,1.36,5.509
Rice,North,Clay,1103.6,28.62,75.63,6.67,107.44,110.05,99.81,1.43,6.468
Rice,South,Alluvial,1008.16,31.48,91.95,5.79,50.57,65.34,142.41,5.12,7.27
Rice,East,Loamy,1354.65,32.58,82.06,5.52,104.71,37.91,139.39,4.06,9.152
Rice,Central,Loamy,1187.31,25.06,77.57,6.93,104.98,106.1,69.62,2.81,6.661
Rice,Central,Alluvial,1122.04,30.18,85.33,7.08,143.82,97.38,114.57,2.84,7.482
Rice,Central,Black,1154.62,28.67,49.29,6.14,128.49,110.78,80.33,9.23,5.543
Rice,East,Sandy,1249.03,28.79,69.62,5.93,168.01,77.2,28.22,8.98,4.514
Rice,East,Loamy,1223.57,26.48,65.87,6.13,155.02,60.09,102.39,1.58,8.343
Rice,West,Black,844.76,32.92,81.34,6.31,55.41,105.77,122.36,2.12,8.004
Rice,Central,Black,1093.11,25.29,73.24,6.25,166.07,81.02,89.61,9.2,5.909
Rice,West,Clay,1233.9,25.86,59.58,6.11,114.17,43.16,77.02,1.98,6.406
Rice,East,Black,1016.77,22.52,71.77,6.63,52.65,32.73,87.73,8.66,3.033
Rice,South,Alluvial,1484.52,28.15,55.93,5.49,110.12,49.62,88.65,5.8,7.65
Rice,North,Alluvial,1283.8,28.8,49.94,6.6,38.76,104.72,35.41,3.73,6.515
Rice,Central,Alluvial,919.6,27.59,68.81,5.7,162.1,85.82,130.55,9.28,5.122
Rice,East,Alluvial,1269.39,26.53,68.59,5.81,77.66,83.1,78.12,2.71,6.106
Rice,East,Loamy,1258.57,26.78,80.94,6.07,154.18,111.85,53.69,9.37,6.393
Rice,West,Black,1311.48,32.44,58.29,5.81,89.51,58.86,69.72,1.63,6.772
Rice,East,Loamy,1081.11,31.3,80.34,5.79,74.89,111.2,41.2,9.07,5.731
Rice,South,Loamy,1296.98,29.41,89.67,6.52,145.67,100.41,107.09,9.31,7.872
Rice,West,Clay,980.93,27.04,70.75,6.03,142.94,35.78,132.75,3.22,6.891
Rice,North,Loamy,1202.66,26.61,87.39,7.02,96.26,50.9,92.71,9.14,4.667
Rice,East,Alluvial,1323.12,31.11,58.97,6.41,41.8,37.57,64.5,3.55,8.149
Rice,South,Sandy,940.75,29.75,60.44,6.68,39.99,19.79,87.16,9.6,4.18
Rice,Central,Black,1185.02,31.81,78.28,5.81,108.7,104.21,141.53,3.57,8.088
Rice,South,Clay,1003.28,33.52,80.51,5.9,81.92,23.28,43.19,1.44,6.754
Rice,East,Black,1217.03,29.26,86.7,6.66,73.06,41.49,62.29,4.94,6.439
Rice,South,Sandy,1054.74,28.91,92.24,6.76,68.0,111.67,64.22,4.01,6.874
Rice,North,Sandy,1038.05,30.69,71.13,6.36,35.67,43.62,38.5,4.4,6.687
Rice,North,Black,1323.36,28.42,58.71,5.73,136.32,81.78,111.77,8.71,6.814
Rice,West,Sandy,1143.64,23.98,61.07,6.02,146.36,87.36,88.02,4.66,6.799
Rice,Central,Clay,1419.89,24.86,74.15,6.23,127.67,95.4,111.21,9.4,6.258
Rice,South,Loamy,1269.12,28.36,64.59,6.88,110.4,78.89,101.27,6.93,6.937
Rice,West,Sandy,1483.85,28.13,82.42,5.64,124.01,24.41,114.2,3.07,7.178
Rice,North,Sandy,1207.27,33.86,58.61,5.91,149.15,25.44,134.52,3.39,8.276
Rice,North,Alluvial,1104.09,26.28,75.59,5.88,128.54,78.25,43.61,5.14,5.404
Rice,West,Sandy,1256.68,27.72,58.01,5.49,73.55,63.19,117.76,9.74,3.957
Rice,Central,Clay,1152.78,29.37,69.76,6.16,103.39,114.48,144.29,4.28,6.96
Rice,South,Loamy,1098.06,27.05,72.11,6.43,145.73,67.35,131.76,7.13,6.938
Rice,South,Black,1337.03,25.58,49.14,6.72,95.85,47.29,44.46,3.9,5.261
Rice,East,Loamy,1185.39,27.83,82.53,6.32,160.06,87.16,133.48,3.41,7.873
Rice,East,Loamy,692.66,36.0,75.1,5.9,72.15,22.68,39.9,8.31,7.337
Rice,East,Clay,1180.57,30.75,71.5,6.36,164.08,103.77,123.0,6.48,7.417
Rice,Central,Alluvial,1200.1,29.37,90.94,5.67,53.71,102.34,84.81,9.01,6.32
Rice,Central,Clay,1264.05,31.18,60.96,6.17,123.13,57.4,55.92,5.15,6.768
Rice,West,Loamy,1230.11,29.8,57.56,6.64,64.7,105.91,144.59,4.85,7.416
Rice,South,Alluvial,1206.25,29.43,63.73,6.48,69.88,73.25,131.81,7.55,6.274
Rice,West,Black,1002.41,30.2,65.34,6.12,72.46,111.87,42.73,5.33,6.901
Rice,South,Loamy,1163.08,30.62,66.39,5.15,149.57,102.67,30.55,1.09,7.684
Rice,West,Alluvial,1113.88,28.09,90.79,6.7,98.2,61.55,119.62,2.81,7.011
Rice,South,Alluvial,1260.36,27.7,85.97,5.94,155.81,26.25,118.89,0.81,6.345
Rice,South,Clay,1137.34,27.59,80.89,6.81,106.31,60.43,117.37,1.7,6.948
Rice,East,Alluvial,1284.01,27.21,60.0,6.21,107.56,114.65,60.6,3.65,8.884
Rice,South,Black,968.97,27.28,49.35,5.65,42.47,36.83,131.53,6.62,4.393
Rice,North,Sandy,1204.79,31.64,65.03,5.51,131.97,53.15,74.37,0.86,6.848
Rice,East,Alluvial,1361.33,29.68,57.22,6.23,97.79,43.71,132.05,1.78,9.16
Rice,Central,Black,901.17,23.24,70.31,6.33,115.3,107.43,34.36,1.01,6.747
Rice,Central,Clay,949.48,30.79,56.47,5.53,77.42,28.98,37.29,2.29,7.029
Rice,South,Clay,1060.72,24.51,69.51,5.93,148.28,113.54,79.76,1.78,6.489
Rice,North,Sandy,1335.13,29.78,88.72,5.5,86.32,92.57,64.12,8.04,6.306
Rice,North,Loamy,1148.87,25.78,72.91,5.82,134.54,64.03,101.9,3.03,8.0
Rice,West,Loamy,1045.26,30.75,84.95,6.47,43.48,76.74,70.47,3.81,5.27
Rice,Central,Loamy,1159.37,33.54,62.56,6.19,137.01,106.9,102.18,9.29,5.923
Rice,North,Clay,1390.64,31.46,69.42,6.33,158.33,97.04,43.53,5.27,9.175
Rice,North,Sandy,1309.18,22.59,75.93,6.01,83.85,93.88,37.24,2.58,5.152
Rice,South,Clay,974.02,30.78,70.16,5.94,92.58,28.21,36.44,6.42,6.241
Rice,South,Loamy,733.48,32.97,92.72,6.31,97.22,104.45,55.49,5.65,8.873
Rice,North,Sandy,1120.26,32.36,65.16,6.18,68.4,41.8,45.94,8.76,3.953
Rice,Central,Clay,1101.21,31.12,93.65,5.87,144.14,81.37,143.94,1.72,7.037
Rice,West,Clay,1383.07,21.46,49.86,6.14,60.59,112.38,96.23,9.17,5.418
Rice,East,Alluvial,1303.75,25.15,59.96,6.39,49.28,75.83,100.53,2.76,5.643
Rice,East,Sandy,1252.43,29.83,59.73,5.67,62.46,19.1,66.29,6.9,5.752
Rice,South,Alluvial,1136.33,30.18,84.58,6.04,48.69,56.34,92.37,6.55,5.719
Rice,North,Clay,1071.73,29.67,93.46,5.97,41.93,90.3,131.39,4.53,6.781
Rice,North,Sandy,1075.84,25.25,66.63,6.65,56.14,29.01,38.59,6.0,5.481
Rice,East,Black,1192.95,26.17,50.38,6.71,88.56,73.57,136.49,7.44,5.918
Rice,South,Clay,1121.69,29.7,55.9,6.6,136.73,94.84,122.15,3.51,8.299
Rice,North,Black,1088.28,32.4,77.27,6.81,127.91,104.44,102.92,8.51,5.9
Rice,Central,Black,1095.62,26.47,69.76,6.08,161.7,33.18,70.03,2.15,6.078
Rice,South,Loamy,1423.62,23.51,78.92,6.0,87.63,62.21,127.33,7.8,7.484
Rice,West,Sandy,1024.54,26.17,78.31,5.74,38.16,78.03,85.27,2.92,4.018
Rice,Central,Black,1340.43,22.54,66.42,6.59,84.32,95.82,87.01,6.71,5.284
Rice,North,Clay,1420.36,30.81,83.77,6.05,103.03,54.65,139.25,2.03,9.889
Rice,North,Alluvial,1144.92,21.61,56.91,6.72,164.15,106.86,47.32,7.9,4.508
Rice,South,Loamy,1296.34,23.83,59.6,5.92,157.18,62.27,57.74,9.48,4.871
Rice,West,Clay,982.95,25.36,58.92,5.99,89.47,79.75,60.55,3.75,5.013
Rice,West,Clay,1214.85,25.35,83.34,7.05,165.43,61.94,89.01,7.0,6.967
Rice,North,Sandy,1419.42,27.78,66.14,6.3,168.72,74.0,70.15,7.68,7.696
Rice,West,Clay,1304.57,33.17,50.22,6.35,121.3,113.45,96.55,6.77,6.795
Rice,East,Loamy,1177.82,25.52,61.38,5.87,84.15,22.63,85.14,6.31,4.566
Rice,North,Loamy,1387.27,29.52,61.97,5.65,90.79,47.21,43.65,4.1,6.893
Rice,West,Clay,1444.52,34.16,59.21,6.32,121.16,102.51,119.51,4.42,10.241
Rice,East,Loamy,1475.87,30.24,89.06,5.71,116.25,68.21,85.66,2.29,9.299
Rice,North,Loamy,1215.59,28.3,56.54,6.74,49.16,77.43,104.85,2.58,6.051
Rice,West,Clay,937.71,27.43,77.79,5.67,103.66,24.19,101.24,9.75,2.621
Rice,West,Alluvial,1507.68,28.27,82.28,5.48,96.09,39.92,40.32,2.89,7.693
Rice,North,Loamy,1035.19,33.0,79.98,6.6,70.91,71.72,79.02,7.9,4.402
Rice,Central,Sandy,1069.58,35.71,89.13,6.66,57.92,105.76,126.48,2.62,7.74
Rice,South,Sandy,1240.18,31.24,75.66,5.56,159.43,113.22,126.46,5.63,7.481
Rice,West,Alluvial,1071.53,21.46,68.11,6.11,76.55,38.56,100.85,1.5,4.964
Rice,South,Clay,1261.05,28.35,76.61,6.85,129.6,20.99,44.19,6.59,6.21
Rice,North,Loamy,1174.8,26.71,75.16,5.66,145.64,104.45,35.72,8.61,5.649
Rice,West,Loamy,1182.46,30.36,49.56,7.14,136.76,26.48,115.92,6.49,4.114
Rice,West,Loamy,1382.53,32.59,77.73,6.09,70.26,52.04,136.82,1.24,9.462
Rice,East,Sandy,1207.83,23.28,69.9,6.03,141.52,21.03,88.68,1.68,4.427
Rice,West,Loamy,1064.57,27.42,87.66,6.9,58.0,18.13,51.64,7.66,6.469
Rice,North,Loamy,1136.04,29.28,79.98,6.74,114.99,110.85,88.27,6.0,7.222
Rice,South,Sandy,1339.91,20.42,58.65,6.74,138.52,65.56,143.96,5.85,6.046
Rice,North,Sandy,1073.94,30.79,66.15,6.35,154.94,20.44,52.12,3.17,5.981
Rice,Central,Alluvial,1409.87,36.75,77.01,6.42,115.2,84.86,98.83,1.1,9.951
Rice,Central,Sandy,841.07,27.04,68.71,5.82,97.53,84.84,58.09,2.88,5.954
Rice,East,Black,1016.1,23.78,71.35,6.12,146.58,77.88,112.63,9.57,5.923
Rice,East,Alluvial,1080.27,27.71,63.09,6.66,133.38,27.88,140.6,1.71,7.034
Rice,West,Clay,1481.04,27.37,81.73,5.93,121.13,28.37,52.15,4.3,8.124
Rice,North,Loamy,937.74,31.67,79.9,5.56,97.54,31.76,98.63,4.44,6.301
Rice,South,Black,1111.67,23.56,77.77,6.58,123.09,103.13,103.08,6.05,6.216
Rice,South,Clay,1062.2,25.01,62.4,6.06,91.64,93.89,111.44,6.47,5.639
Rice,East,Black,1146.32,28.08,87.49,5.54,152.85,104.77,66.38,0.9,5.995
Rice,West,Loamy,1386.77,29.04,55.4,6.41,105.09,27.81,95.22,5.67,6.088
Rice,West,Alluvial,1479.98,28.63,65.02,5.79,96.68,114.06,49.5,5.42,9.623
Rice,North,Alluvial,1144.29,28.94,60.62,6.14,91.51,58.79,109.7,3.97,7.612
Rice,East,Loamy,1224.74,33.68,91.24,5.89,143.2,56.02,52.81,1.96,7.312
Rice,North,Clay,965.63,28.87,58.4,6.61,121.24,97.42,123.49,5.01,7.077
Rice,East,Alluvial,1005.56,23.08,69.59,6.27,130.07,84.68,143.0,6.91,6.696
Rice,West,Loamy,1283.93,22.11,64.47,5.98,100.46,78.47,37.99,8.87,2.142
Rice,South,Sandy,1215.56,27.05,86.08,6.85,53.95,98.64,102.08,0.93,5.506
Rice,North,Clay,1417.02,26.47,59.5,6.4,66.54,93.3,68.53,2.17,7.174
Rice,West,Alluvial,1356.58,34.41,75.98,6.33,155.68,94.44,126.14,2.58,10.235
Rice,South,Alluvial,1466.2,31.17,78.88,6.37,91.57,98.22,83.37,5.81,10.252
Rice,West,Black,1398.74,24.96,59.34,6.51,134.17,33.55,65.52,7.06,5.023
Rice,West,Sandy,1268.8,25.14,67.27,6.37,121.0,79.7,31.34,6.29,4.168
Rice,East,Loamy,984.68,27.73,89.29,6.9,119.41,50.84,128.82,4.1,7.212
Rice,West,Alluvial,826.39,25.42,61.07,6.01,42.12,46.05,69.56,5.24,5.626
Rice,East,Alluvial,1523.66,27.3,63.86,6.35,50.92,36.65,111.44,1.95,8.597
Rice,North,Loamy,1006.05,30.64,66.68,5.79,49.65,22.5,124.17,5.08,5.984
Rice,North,Alluvial,1377.3,25.42,76.37,5.71,115.5,84.05,52.86,6.8,5.557
Rice,West,Clay,1266.45,29.32,49.7,6.35,123.52,53.78,124.25,7.88,5.92
Rice,Central,Sandy,1250.55,26.3,49.58,6.78,113.07,106.64,86.24,5.5,5.659
Rice,North,Black,841.06,24.43,68.54,6.64,114.92,108.96,142.75,5.08,6.738
Rice,West,Alluvial,1375.94,31.01,57.76,6.25,35.65,84.32,42.24,9.5,5.174
Rice,North,Clay,1240.97,26.66,48.82,6.14,134.03,36.18,33.87,7.77,3.478
Rice,South,Loamy,1121.87,32.31,70.91,5.74,158.33,23.11,31.74,1.34,6.305
Rice,Central,Loamy,1067.23,29.95,75.61,7.02,117.21,48.68,139.0,7.35,6.28
Rice,West,Clay,1366.32,32.94,64.71,5.81,91.43,55.42,119.99,9.3,7.001
Rice,Central,Sandy,1164.17,29.19,92.8,5.96,79.83,76.76,142.36,8.28,7.412
Rice,Central,Sandy,778.99,23.14,59.32,5.87,139.15,40.73,80.8,7.0,5.661
Rice,East,Sandy,1168.76,30.03,90.35,6.27,73.95,31.64,132.2,9.74,5.004
Rice,South,Sandy,1480.08,27.04,73.2,6.29,107.17,70.38,84.72,4.24,8.751
Rice,South,Sandy,979.76,24.72,69.4,6.29,136.4,94.79,81.79,1.59,6.781
Rice,East,Loamy,1204.05,32.58,89.26,6.61,99.34,75.16,50.13,2.53,5.818
Rice,South,Sandy,1037.32,31.43,66.51,5.95,41.02,114.72,71.76,1.76,7.416
Rice,West,Loamy,1307.48,31.92,63.87,6.11,39.53,114.07,129.33,5.18,9.955
Rice,Central,Clay,1158.49,34.07,67.59,6.93,145.54,111.46,57.72,1.14,7.833
Rice,South,Clay,1151.04,28.57,49.6,5.72,100.72,100.02,132.69,8.57,5.135
Rice,West,Loamy,1160.02,26.54,62.66,6.22,159.32,67.13,49.37,8.45,4.441
Rice,East,Clay,1300.21,27.87,49.78,6.18,156.87,105.74,125.95,1.22,8.173
Rice,Central,Black,1269.31,28.67,82.73,6.83,75.34,75.37,116.67,1.75,6.595
Rice,East,Sandy,1176.15,29.8,70.14,6.36,54.33,83.73,29.48,7.26,4.72
Rice,South,Loamy,1357.45,33.52,51.58,5.88,136.13,93.5,140.08,9.13,7.983
Rice,West,Loamy,1050.91,25.23,63.63,6.43,119.8,31.85,53.93,1.31,5.42
Rice,West,Alluvial,1320.33,25.59,54.87,5.9,38.43,73.39,62.7,8.04,2.835
Rice,East,Black,1325.15,30.45,70.19,6.51,120.19,94.4,136.25,5.84,9.386
Rice,East,Loamy,1174.42,30.35,64.76,7.79,159.89,27.46,61.86,8.87,3.741
Rice,North,Sandy,1329.68,31.94,68.34,5.66,94.81,94.59,138.41,3.38,9.187
Rice,East,Black,1348.71,28.9,60.73,6.57,105.42,40.35,48.55,6.21,6.155
Rice,North,Alluvial,1145.46,22.12,56.06,6.64,119.84,36.64,64.04,0.89,5.311
Rice,Central,Black,1385.0,21.45,71.85,5.99,121.29,109.73,38.57,4.49,7.796
Rice,West,Clay,1272.8,26.02,56.56,6.41,57.07,54.0,97.6,0.84,5.129
Rice,Central,Black,1244.15,27.74,64.41,6.23,158.19,93.58,129.57,5.99,7.603
Rice,North,Sandy,1474.21,21.77,70.76,5.65,107.54,20.01,141.19,2.81,5.582
Rice,South,Clay,1283.14,29.6,85.59,6.4,129.36,36.92,30.07,6.19,7.085
Rice,Central,Black,917.97,27.22,52.73,6.69,41.1,29.94,85.75,5.31,5.429
Rice,East,Loamy,1304.88,30.48,54.3,5.45,54.87,73.57,115.35,2.28,7.058
Rice,North,Black,1100.83,23.57,75.73,7.36,42.02,53.24,74.88,8.35,1.804
Rice,West,Alluvial,1305.81,20.72,85.49,6.29,104.85,110.91,137.32,3.04,5.68
Rice,West,Loamy,1042.26,31.24,51.19,5.71,37.81,31.52,141.45,7.79,4.118
Rice,West,Loamy,1308.48,21.23,88.69,6.83,70.88,83.81,59.99,5.68,4.342
Rice,North,Alluvial,1249.9,29.05,48.63,6.21,50.26,51.71,47.54,1.34,6.322
Rice,Central,Sandy,1375.85,30.37,90.87,5.7,154.5,106.81,95.55,3.27,8.481
Rice,North,Alluvial,1136.71,31.75,79.96,6.28,109.06,53.58,132.34,3.53,8.956
Rice,West,Black,1197.87,27.2,63.35,6.41,165.9,56.46,136.13,2.26,7.388
Rice,South,Sandy,994.71,26.58,61.1,6.58,139.24,33.38,35.82,8.64,3.326
Rice,West,Loamy,859.48,27.29,64.29,6.24,168.56,83.73,137.27,4.55,7.26
Rice,East,Clay,1073.63,23.68,87.1,6.44,134.73,90.1,116.88,5.08,7.327
Rice,South,Black,1190.89,27.76,83.22,5.75,164.97,73.48,76.9,7.85,7.578
Rice,Central,Alluvial,1434.54,32.39,79.86,6.1,82.65,69.03,97.66,6.63,9.212
Rice,North,Black,1074.91,30.01,72.7,6.36,85.89,40.5,124.13,3.77,7.16
Rice,Central,Clay,1291.1,27.39,67.62,6.26,41.4,72.8,86.19,9.08,3.057
Rice,East,Alluvial,1047.13,25.43,85.98,6.13,97.67,21.95,107.12,4.88,5.068
Rice,North,Loamy,1103.36,27.75,65.22,5.73,112.5,103.34,140.84,5.18,6.821
Rice,West,Alluvial,1362.29,25.24,79.81,6.2,83.97,53.57,36.79,3.6,5.634
Rice,South,Loamy,1100.8,25.57,63.79,6.69,166.13,79.22,89.31,8.15,6.122
Rice,South,Alluvial,1317.23,25.76,50.77,6.0,111.93,79.24,112.58,7.03,6.684
Rice,North,Loamy,1089.11,33.02,48.18,5.91,114.14,82.81,51.01,5.28,5.282
Rice,Central,Alluvial,1155.36,33.02,72.45,6.79,90.5,29.79,46.34,7.64,5.786
Rice,North,Loamy,1264.06,29.26,72.03,6.48,143.89,24.03,29.46,7.74,5.531
Rice,East,Clay,1145.79,24.81,55.79,6.18,157.02,74.48,68.82,4.85,6.839
Rice,West,Loamy,1516.69,30.48,74.8,6.67,118.72,42.18,33.15,9.18,6.335
Rice,South,Sandy,1521.21,28.27,68.95,5.9,154.72,113.02,35.9,6.9,9.767
Rice,Central,Clay,1033.27,29.83,80.74,7.1,46.81,34.48,72.34,0.87,4.73
Rice,East,Black,1102.21,27.35,72.55,5.86,43.84,29.96,124.62,3.96,6.175
Rice,South,Black,1230.14,30.67,58.91,6.85,81.09,33.12,110.59,1.63,6.979
Rice,East,Alluvial,1225.26,26.42,68.39,6.62,56.49,52.23,112.53,4.19,5.872
Rice,Central,Clay,1123.46,31.8,57.4,6.62,162.18,114.8,97.73,4.76,6.216
Rice,East,Alluvial,1185.48,32.79,57.78,6.36,104.26,70.63,59.64,7.75,4.454
Rice,West,Loamy,1059.15,24.21,62.3,6.05,58.9,100.55,65.56,6.76,4.687
Rice,North,Loamy,1031.03,26.74,71.02,6.15,77.02,39.96,42.76,7.25,4.629
Rice,East,Sandy,874.35,32.37,83.65,6.86,52.84,44.82,31.46,6.92,5.674
Rice,East,Black,1441.85,28.86,69.28,6.66,157.32,27.48,62.1,3.24,8.186
Rice,Central,Clay,1168.62,27.02,49.84,6.36,75.92,54.93,32.59,3.6,4.838
Rice,South,Alluvial,1297.75,24.15,80.97,6.19,127.38,51.86,28.11,8.31,3.965
Rice,East,Loamy,1339.57,24.72,80.02,6.87,40.01,48.9,118.92,3.91,5.615
Rice,North,Black,1122.07,24.71,82.39,6.37,47.14,109.8,77.61,9.17,4.65
Rice,Central,Black,924.94,27.71,57.47,5.8,140.06,65.48,50.15,9.37,3.616
Rice,Central,Sandy,1226.41,29.86,83.92,6.23,165.09,34.3,68.63,1.63,6.585
Rice,East,Clay,1354.19,32.15,78.84,6.23,104.58,61.17,137.49,3.96,11.002
Rice,East,Clay,1250.42,26.72,73.91,5.79,109.02,91.77,47.8,6.8,5.568
Rice,Central,Black,1272.51,24.98,57.49,6.17,100.69,22.21,132.81,3.54,5.692
Rice,North,Sandy,1101.15,28.55,62.93,5.78,57.69,24.97,29.27,9.73,4.71
Rice,West,Loamy,1177.4,24.86,81.99,6.14,164.16,65.37,119.71,3.7,7.509
Rice,East,Loamy,1032.94,24.12,91.02,6.0,68.21,31.45,31.24,7.77,5.76
Rice,South,Sandy,886.59,34.61,72.17,6.74,48.79,87.73,64.31,6.35,5.104
Rice,West,Clay,1084.04,25.38,58.59,6.86,148.11,42.59,34.75,1.77,5.003
Rice,West,Loamy,1366.77,26.61,70.98,6.41,113.45,25.78,108.49,2.27,6.528
Rice,West,Black,1221.04,28.53,68.22,6.46,35.38,99.56,128.07,7.88,6.322
Rice,West,Clay,1128.08,33.04,71.67,5.84,94.22,82.61,124.65,8.94,6.183
Rice,South,Black,1127.86,31.63,73.92,6.03,46.48,49.4,81.88,9.54,3.787
Rice,South,Black,1409.67,26.84,85.31,6.83,117.24,46.81,94.82,9.38,6.544
Rice,West,Clay,1132.45,31.06,88.71,6.49,126.62,61.39,37.97,6.74,5.445
Rice,East,Alluvial,1025.81,26.23,72.38,5.78,50.42,35.51,132.13,5.73,5.625
Rice,North,Clay,1264.22,25.96,52.37,5.86,101.05,71.74,54.51,5.95,3.494
Rice,North,Alluvial,1365.12,25.56,87.17,5.85,53.13,66.8,87.35,8.35,4.336
Rice,North,Alluvial,1436.5,31.94,66.03,6.74,111.01,93.17,44.01,7.79,7.254
Rice,North,Black,1193.49,31.37,48.7,5.94,75.49,86.62,77.84,8.8,4.101
Rice,Central,Clay,829.58,24.99,88.06,6.57,81.09,92.07,107.62,8.23,5.879
Rice,North,Clay,985.93,32.1,91.61,6.18,116.51,27.67,92.21,8.03,5.466
Rice,North,Loamy,1407.43,25.63,59.71,6.37,148.15,74.39,41.29,0.99,6.849
Rice,North,Loamy,1214.08,25.87,73.5,6.03,86.41,31.99,130.42,5.65,6.189
Rice,East,Black,1335.06,28.28,54.94,5.29,143.06,21.44,49.33,8.16,4.088
Rice,Central,Black,1425.44,20.36,79.87,5.89,164.32,68.15,70.23,5.55,7.91
Rice,East,Clay,1136.98,27.44,55.81,5.88,112.9,55.62,69.38,0.85,6.045
Rice,Central,Black,1162.61,28.62,69.13,6.34,54.69,83.08,59.9,3.26,5.698
Rice,Central,Sandy,1041.96,31.58,74.88,6.65,158.53,105.56,39.14,2.59,7.895
Rice,West,Alluvial,1072.96,25.51,60.95,6.46,161.72,84.09,63.57,7.67,4.841
Rice,East,Alluvial,1257.01,25.91,88.15,6.11,130.07,83.16,131.39,7.84,8.155
Rice,Central,Sandy,1423.55,24.07,93.85,6.38,154.98,83.13,75.38,4.36,8.278
Rice,East,Clay,1099.01,26.99,81.11,6.19,123.95,111.68,36.6,2.51,7.477
Rice,North,Alluvial,1277.0,32.16,93.42,5.72,92.82,102.23,35.93,5.16,8.49
Wheat,South,Sandy,781.15,17.36,82.89,6.47,37.71,22.63,80.41,8.84,3.285
Wheat,East,Alluvial,542.78,18.14,81.76,7.29,45.71,96.52,130.44,3.87,6.72
Wheat,South,Loamy,689.9,24.02,88.27,6.05,63.65,49.69,115.67,6.64,4.663
Wheat,West,Alluvial,543.38,17.13,50.64,6.58,119.55,50.45,85.84,6.18,5.74
Wheat,East,Black,637.16,19.43,62.58,6.48,91.04,86.88,125.69,2.21,7.31
Wheat,North,Clay,661.3,24.17,86.67,6.43,81.45,83.97,129.31,2.18,5.549
Wheat,Central,Alluvial,474.08,25.03,59.86,6.52,139.76,48.0,118.39,9.6,5.816
Wheat,West,Alluvial,573.44,24.19,91.28,6.74,99.23,81.57,118.58,4.06,7.208
Wheat,South,Black,613.05,18.48,49.29,6.81,102.75,71.86,49.27,9.26,2.963
Wheat,East,Clay,891.84,15.94,87.36,6.8,82.36,86.83,79.66,8.54,2.116
Wheat,South,Sandy,747.16,17.98,57.76,6.73,124.1,19.5,122.39,9.02,2.11
Wheat,East,Loamy,632.63,23.37,89.72,6.23,151.15,20.98,30.43,7.18,5.022
Wheat,South,Clay,517.96,22.47,67.58,6.53,102.31,113.19,120.53,5.1,7.478
Wheat,East,Clay,671.21,17.44,63.25,5.76,56.82,84.23,97.92,4.88,4.255
Wheat,Central,Loamy,696.47,18.39,88.64,6.2,151.55,35.68,129.08,9.75,3.64
Wheat,East,Loamy,643.07,18.11,89.98,6.96,102.85,52.11,115.9,4.98,6.659
Wheat,West,Loamy,400.84,22.58,78.61,6.38,155.82,74.77,51.56,6.45,6.897
Wheat,North,Loamy,761.37,23.53,74.44,6.47,41.52,104.72,35.55,1.79,4.13
Wheat,West,Clay,597.96,19.96,58.3,6.08,108.65,114.36,90.0,8.36,4.529
Wheat,North,Sandy,937.3,18.74,92.72,6.73,129.98,19.48,59.47,9.5,1.1
Wheat,South,Alluvial,896.66,21.83,91.79,6.66,40.59,62.01,61.01,3.78,2.133
Wheat,West,Sandy,490.01,21.81,67.28,7.14,87.03,57.77,44.74,9.79,2.103
Wheat,North,Clay,307.52,14.99,59.71,6.36,67.5,37.25,41.59,8.39,4.306
Wheat,North,Loamy,429.57,22.5,79.5,6.07,96.49,74.04,83.4,6.63,5.918
Wheat,West,Alluvial,492.84,23.68,65.48,7.06,152.37,52.45,35.5,9.58,3.467
Wheat,East,Alluvial,438.92,14.48,51.31,6.89,159.73,92.24,58.69,8.37,5.62
Wheat,East,Alluvial,422.96,17.57,93.97,7.39,84.15,37.87,47.79,4.09,5.288
Wheat,South,Clay,692.41,16.5,77.46,7.15,152.15,22.2,72.61,8.29,2.393
Wheat,West,Loamy,386.43,22.92,65.26,6.26,105.55,47.33,105.48,3.28,8.181
Wheat,East,Black,547.11,16.4,70.0,6.93,55.23,83.98,70.93,5.49,4.925
Wheat,South,Alluvial,503.35,22.32,65.53,7.0,112.02,23.6,48.88,7.26,5.39
Wheat,East,Sandy,605.29,22.75,68.15,6.18,46.99,30.45,140.13,3.41,5.77
Wheat,East,Loamy,576.44,16.67,49.92,6.72,93.18,76.92,58.04,2.95,5.471
Wheat,Central,Clay,708.74,18.96,92.68,6.6,124.86,49.96,36.28,7.6,2.968
Wheat,West,Black,413.44,19.34,89.46,6.7,115.02,62.87,82.07,8.36,5.946
Wheat,West,Black,637.89,21.15,66.29,7.2,36.28,40.54,51.43,5.67,5.014
Wheat,East,Alluvial,528.77,23.04,69.16,7.44,112.09,19.5,86.14,8.43,3.318
Wheat,South,Alluvial,306.11,21.85,57.19,6.24,109.3,90.55,126.7,2.06,9.435
Wheat,West,Loamy,676.11,18.59,63.38,6.65,168.47,44.64,58.69,3.62,6.683
Wheat,East,Sandy,418.98,18.56,67.33,7.06,152.01,95.79,128.23,3.11,8.186
Wheat,South,Clay,809.72,21.4,65.2,6.19,113.81,53.48,121.77,2.6,6.073
Wheat,Central,Loamy,607.11,19.55,51.11,7.5,39.77,39.31,79.38,2.6,5.477
Wheat,South,Alluvial,476.81,17.71,81.48,6.79,59.32,101.24,42.56,2.03,5.958
Wheat,North,Alluvial,581.26,20.01,81.18,6.68,64.81,87.88,115.59,8.02,4.93
Wheat,Central,Clay,841.49,26.21,57.52,6.86,140.87,110.23,76.52,6.73,4.271
Wheat,East,Black,571.36,18.13,50.61,6.66,147.88,46.48,55.22,6.04,5.364
Wheat,East,Alluvial,582.0,17.04,59.87,6.4,162.65,82.54,55.01,9.57,4.586
Wheat,East,Black,688.53,22.41,78.12,6.6,55.1,35.84,66.98,4.41,5.309
Wheat,North,Sandy,887.3,25.51,93.82,7.21,74.25,51.75,115.79,5.27,3.726
Wheat,North,Clay,271.98,20.67,75.5,6.51,53.86,44.3,132.49,8.41,5.139
Wheat,South,Alluvial,648.83,19.59,75.54,7.1,162.49,81.68,33.86,3.8,5.723
Wheat,West,Black,614.58,25.76,56.23,6.79,44.37,72.24,39.19,5.76,4.29
Wheat,South,Alluvial,573.99,20.59,49.82,6.29,129.03,58.29,125.95,1.49,8.561
Wheat,South,Sandy,805.84,27.3,63.26,7.2,99.83,32.46,39.0,8.71,2.19
Wheat,North,Clay,399.39,20.11,53.41,6.44,107.29,67.16,70.93,2.58,6.757
Wheat,West,Alluvial,635.55,21.75,59.03,7.07,155.23,19.47,138.37,5.2,6.77
Wheat,Central,Clay,564.09,17.66,82.5,6.9,39.17,56.15,88.62,3.43,4.159
Wheat,North,Loamy,548.66,17.9,59.2,6.78,145.58,97.67,36.55,3.84,7.36
Wheat,North,Loamy,674.03,25.88,56.04,6.64,137.49,75.41,49.39,3.66,6.073
Wheat,West,Black,903.58,21.24,54.81,6.43,142.68,92.71,51.84,9.12,2.245
Wheat,East,Loamy,911.03,19.89,70.07,5.92,157.59,90.89,102.46,2.59,5.488
Wheat,North,Sandy,627.07,18.5,81.0,6.54,165.38,83.25,115.23,2.01,6.496
Wheat,East,Loamy,599.83,13.39,84.9,6.29,146.4,94.09,129.89,3.49,7.406
Wheat,Central,Alluvial,475.04,15.9,51.13,6.87,136.35,100.21,56.09,6.09,6.221
Wheat,Central,Clay,769.76,16.81,90.93,6.81,124.59,56.3,101.33,7.77,5.185
Wheat,East,Black,549.66,20.83,78.01,6.91,115.31,99.12,120.78,0.84,6.378
Wheat,West,Alluvial,691.87,20.17,85.37,6.17,96.76,50.54,53.0,3.98,3.584
Wheat,West,Alluvial,760.58,20.64,93.65,7.06,90.01,70.2,56.28,2.75,2.059
Wheat,North,Black,657.98,18.0,60.49,7.11,65.27,104.32,99.4,8.85,4.163
Wheat,West,Sandy,185.43,20.02,71.31,6.99,147.13,33.73,89.68,0.8,5.611
Wheat,South,Loamy,786.12,18.69,85.23,6.7,48.62,71.61,128.88,5.42,4.644
Wheat,West,Clay,934.4,16.79,78.65,7.26,94.95,110.91,70.33,6.75,4.015
Wheat,West,Alluvial,631.49,18.85,78.11,6.01,37.43,102.9,131.9,1.87,5.996
Wheat,West,Black,533.62,23.89,55.01,6.31,163.01,64.8,28.83,9.23,3.518
Wheat,East,Clay,755.15,27.24,71.37,6.98,114.59,113.27,101.39,2.98,6.217
Wheat,Central,Loamy,197.04,24.63,77.84,6.93,86.37,111.41,111.03,7.02,7.9
Wheat,East,Sandy,726.97,23.9,85.99,6.81,53.88,68.05,130.66,2.26,4.059
Wheat,Central,Clay,455.01,13.06,75.01,7.47,83.61,85.27,59.86,8.82,3.35
Wheat,West,Clay,326.89,14.48,66.54,6.52,78.15,94.95,83.29,1.81,6.82
Wheat,Central,Black,435.86,19.97,55.35,6.81,72.65,69.96,105.38,8.43,4.613
Wheat,West,Loamy,584.36,23.28,90.2,6.34,120.08,43.19,118.25,1.17,5.141
Wheat,Central,Sandy,365.6,26.6,60.21,6.71,109.05,91.11,107.33,4.51,8.848
Wheat,North,Sandy,663.39,21.88,81.25,6.69,89.52,99.64,120.4,8.35,4.556
Wheat,West,Black,455.92,20.0,87.79,6.64,134.31,58.12,136.49,3.4,7.309
Wheat,South,Sandy,449.64,12.76,51.07,7.29,66.8,59.96,53.03,7.36,3.13
Wheat,South,Clay,667.55,26.71,58.98,6.96,39.52,112.08,136.84,4.23,8.249
Wheat,East,Clay,401.56,14.29,65.68,7.26,139.16,76.67,87.56,6.27,7.314
Wheat,South,Sandy,822.14,22.92,92.84,6.84,129.42,25.0,126.12,3.73,3.303
Wheat,North,Black,546.07,18.61,60.65,7.16,109.91,96.32,32.63,8.25,4.068
Wheat,North,Black,648.26,24.87,63.64,6.42,64.41,94.97,52.45,8.35,3.522
Wheat,Central,Alluvial,582.25,17.58,55.96,6.83,85.55,110.59,60.03,1.61,7.747
Wheat,North,Black,283.82,25.53,66.82,6.24,42.39,54.02,90.19,6.72,4.771
Wheat,East,Loamy,470.05,16.44,67.84,7.61,118.39,36.5,100.04,1.81,6.124
Wheat,South,Sandy,614.07,18.61,89.28,7.48,141.68,90.08,118.48,2.61,6.052
Wheat,East,Loamy,848.5,17.3,81.1,6.98,36.76,101.77,112.47,6.47,5.031
Wheat,East,Alluvial,547.52,21.65,77.08,7.08,40.97,34.99,69.57,8.89,4.171
Wheat,West,Loamy,424.78,25.77,64.74,7.09,46.17,50.75,65.27,8.88,3.821
Wheat,South,Loamy,482.72,19.53,65.89,6.3,161.56,36.73,60.56,8.13,5.193
Wheat,Central,Black,651.78,14.44,55.4,7.08,53.67,28.78,113.16,5.58,4.701
Wheat,North,Loamy,786.88,11.32,51.96,6.76,112.33,106.65,128.45,3.85,6.557
Wheat,Central,Black,368.32,20.49,57.46,6.74,86.65,28.09,97.17,1.94,7.274
Wheat,South,Black,392.78,21.26,77.27,6.57,44.12,88.27,34.29,5.04,6.428
Wheat,West,Clay,570.39,16.14,88.51,6.52,102.23,55.02,109.87,8.0,5.857
Wheat,South,Loamy,376.53,23.86,85.9,6.21,40.17,27.1,142.21,8.02,5.789
Wheat,North,Black,730.23,20.78,90.81,6.83,160.6,79.95,135.56,3.17,5.085
Wheat,South,Black,894.13,20.67,52.78,7.4,60.24,96.29,47.05,5.41,2.657
Wheat,North,Alluvial,692.13,12.85,90.15,7.58,110.05,97.67,86.79,6.38,5.557
Wheat,Central,Alluvial,660.15,20.55,73.09,6.58,36.03,90.26,30.82,8.27,3.52
Wheat,West,Clay,787.28,23.52,57.53,6.5,166.82,70.97,69.25,1.65,6.749
Wheat,South,Loamy,724.96,21.5,62.22,6.55,112.79,50.48,50.47,1.51,4.934
Wheat,North,Loamy,491.15,14.55,57.84,5.73,159.71,73.73,52.67,7.63,4.974
Wheat,North,Loamy,750.62,15.25,49.41,6.33,93.15,103.18,49.04,9.28,3.59
Wheat,West,Sandy,574.97,17.43,61.82,6.47,47.79,60.96,142.76,6.69,4.833
Wheat,West,Alluvial,893.4,10.39,82.62,6.65,90.68,20.03,55.0,8.78,3.8
Wheat,East,Loamy,647.56,14.0,88.93,6.85,49.16,98.07,64.7,6.44,5.468
Wheat,East,Loamy,180.64,17.89,55.41,6.06,107.68,108.98,75.68,9.02,5.389
Wheat,North,Clay,666.84,25.75,88.74,6.59,50.97,109.92,99.44,6.33,6.625
Wheat,South,Sandy,612.53,17.35,59.83,7.38,63.24,43.17,140.82,6.59,4.876
Wheat,Central,Clay,482.36,16.07,79.97,6.65,44.03,19.41,70.3,2.08,6.81
Wheat,North,Black,488.95,16.64,88.38,7.13,156.49,42.73,74.19,7.07,6.216
Wheat,South,Black,957.96,19.52,87.62,6.31,62.82,55.63,119.79,1.76,2.427
Wheat,South,Sandy,544.49,17.52,48.45,7.06,56.33,81.95,96.68,6.75,4.037
Wheat,South,Loamy,657.6,21.24,93.2,6.21,111.9,39.66,35.58,0.93,3.252
Wheat,South,Sandy,431.71,24.24,54.36,6.78,84.44,68.74,41.04,3.03,5.98
Wheat,South,Sandy,636.74,11.9,49.38,6.14,137.96,100.75,56.18,8.84,4.69
Wheat,East,Loamy,848.39,21.61,86.48,6.71,94.18,29.24,81.81,7.2,3.452
Wheat,North,Black,753.47,22.7,56.0,6.76,50.97,24.59,70.25,5.02,5.361
Wheat,East,Alluvial,799.86,21.47,70.26,6.83,169.99,108.06,72.02,1.34,5.198
Wheat,West,Alluvial,803.79,21.46,71.48,6.62,99.44,63.44,138.7,7.87,5.131
Wheat,South,Loamy,693.77,15.37,52.5,6.55,44.2,86.24,83.57,3.12,5.732
Wheat,Central,Loamy,393.93,15.41,89.52,6.27,39.35,80.9,118.39,6.78,5.776
Wheat,South,Sandy,797.94,24.99,91.5,6.65,84.64,105.56,49.26,2.84,4.185
Wheat,Central,Black,667.29,19.16,57.98,7.17,53.97,36.58,115.62,6.05,4.136
Wheat,North,Black,710.89,20.33,64.56,6.53,85.45,100.77,114.86,6.85,4.891
Wheat,South,Alluvial,702.31,18.73,69.64,6.41,71.58,112.57,116.43,1.09,6.613
Wheat,South,Sandy,381.78,22.86,74.15,6.74,147.99,33.02,122.97,6.26,7.04
Wheat,West,Alluvial,449.48,18.98,60.01,6.37,91.16,106.31,144.82,2.02,7.477
Wheat,East,Loamy,698.07,23.19,51.69,7.04,69.18,73.31,54.09,2.16,4.503
Wheat,East,Black,760.48,22.1,85.7,7.65,44.52,91.09,48.5,2.05,2.479
Wheat,North,Alluvial,507.24,22.07,78.5,6.54,95.25,66.46,90.06,6.92,5.819
Wheat,East,Alluvial,718.13,19.46,51.5,7.17,59.51,85.13,57.91,2.93,4.457
Wheat,East,Alluvial,595.24,26.5,80.25,7.34,63.67,49.83,135.65,4.8,6.875
Wheat,East,Clay,463.01,20.67,92.68,6.89,166.08,70.63,74.92,2.01,7.063
Wheat,South,Sandy,595.16,16.71,78.51,6.72,65.05,38.85,59.13,1.12,4.542
Wheat,South,Black,427.14,16.64,69.6,6.31,108.29,51.48,116.74,3.63,8.291
Wheat,West,Loamy,477.9,14.54,66.13,7.17,74.45,71.37,51.87,3.04,5.239
Wheat,Central,Clay,384.4,25.0,77.84,6.79,96.41,82.59,117.71,1.21,7.799
Wheat,North,Alluvial,343.12,18.78,60.53,6.74,58.38,85.5,28.46,2.87,6.523
Wheat,East,Clay,693.11,20.21,90.99,6.95,80.27,68.67,65.46,4.56,3.218
Wheat,West,Sandy,416.09,26.95,60.14,6.68,42.06,112.44,43.42,8.61,5.272
Wheat,East,Sandy,516.26,19.98,75.84,7.51,136.42,99.38,77.47,3.46,6.572
Wheat,North,Clay,585.25,21.26,69.73,6.94,142.18,61.86,82.81,8.13,5.599
Wheat,Central,Loamy,697.06,16.47,68.03,7.74,64.13,99.47,81.51,7.56,3.758
Wheat,Central,Black,458.77,19.57,50.63,6.71,104.23,38.51,111.99,4.89,6.554
Wheat,South,Clay,651.27,22.9,78.48,6.68,65.55,92.82,124.76,7.25,5.589
Wheat,East,Black,501.38,25.13,50.56,6.55,41.63,67.83,45.7,9.18,3.91
Wheat,South,Black,756.78,20.58,84.11,6.52,127.58,64.22,64.36,1.47,3.687
Wheat,North,Alluvial,461.78,22.62,59.62,6.54,77.96,64.26,111.34,7.73,5.451
Wheat,East,Alluvial,242.0,22.63,90.96,6.54,96.52,79.77,60.6,1.14,4.972
Wheat,Central,Clay,847.99,22.05,49.62,6.22,124.17,51.06,88.82,2.1,5.364
Wheat,North,Loamy,975.45,21.53,78.83,6.01,77.66,97.4,98.63,4.46,3.743
Wheat,South,Clay,376.35,24.14,80.56,6.08,96.84,71.54,38.73,9.29,3.351
Wheat,West,Black,626.01,22.21,85.3,6.72,62.25,94.38,115.63,9.04,4.34
Wheat,West,Loamy,747.18,16.89,84.9,7.23,144.91,85.45,142.22,6.34,5.615
Wheat,East,Clay,567.32,13.26,79.4,6.62,35.02,40.48,68.23,7.89,4.68
Wheat,East,Alluvial,655.59,20.24,93.89,6.75,153.96,110.11,63.28,6.36,6.459
Wheat,West,Black,523.9,28.18,48.58,6.36,138.91,73.0,134.68,8.15,6.857
Wheat,North,Clay,619.47,13.59,59.65,6.45,148.36,30.96,91.08,3.83,5.798
Wheat,North,Sandy,693.06,18.69,62.71,6.84,163.88,102.69,91.48,9.0,3.59
Wheat,Central,Black,790.77,18.69,69.24,6.69,133.47,53.01,35.49,1.87,3.331
Wheat,North,Loamy,619.33,21.33,51.11,6.68,97.38,56.98,121.88,9.39,5.553
Wheat,East,Alluvial,251.71,21.38,81.75,6.35,112.39,28.27,96.74,8.26,5.243
Wheat,Central,Loamy,434.45,20.36,88.5,6.54,83.92,53.24,140.16,7.06,7.777
Wheat,North,Alluvial,831.84,21.02,67.89,6.6,47.47,68.8,123.99,7.9,2.08
Wheat,East,Loamy,658.61,25.7,84.88,6.88,168.98,60.05,72.53,7.19,7.402
Wheat,West,Clay,364.67,29.57,71.71,7.22,136.54,19.05,129.94,6.24,7.004
Wheat,West,Alluvial,692.35,18.77,48.81,6.15,50.23,73.2,34.25,1.3,4.323
Wheat,Central,Loamy,880.1,16.03,80.86,6.63,97.42,32.98,52.97,2.18,3.433
Wheat,West,Loamy,405.12,22.19,59.92,6.62,104.29,63.42,38.81,0.85,5.68
Wheat,East,Clay,608.71,17.43,59.76,6.42,116.39,105.7,51.63,6.07,6.024
Wheat,North,Black,546.83,14.64,60.54,7.24,42.1,109.58,79.79,1.58,6.906
Wheat,North,Alluvial,568.66,18.26,69.16,5.69,80.37,92.36,56.68,2.59,4.861
Wheat,South,Black,497.1,22.94,62.26,6.38,54.24,75.2,42.56,3.47,5.785
Wheat,West,Black,765.76,14.94,75.23,6.34,105.0,63.77,87.55,5.3,5.185
Wheat,South,Loamy,510.22,22.76,51.2,7.29,80.3,86.38,126.31,6.61,6.295
Wheat,West,Alluvial,562.65,19.7,84.08,6.17,131.15,83.8,139.39,6.38,7.316
Wheat,South,Alluvial,447.88,15.26,48.18,6.45,126.51,56.68,66.21,5.94,5.739
Wheat,South,Sandy,641.26,18.06,73.39,6.48,53.36,105.73,142.13,6.35,6.298
Wheat,West,Black,448.48,20.09,89.18,6.37,160.47,80.0,83.8,3.79,7.975
Wheat,West,Alluvial,378.98,16.11,59.99,6.39,83.99,106.56,91.06,3.28,8.284
Wheat,East,Sandy,653.6,18.14,79.74,6.99,43.03,96.14,45.19,2.85,4.464
Wheat,North,Black,586.0,25.67,81.13,7.62,109.37,107.43,38.48,9.13,4.527
Wheat,West,Clay,803.04,21.02,81.6,6.14,130.7,35.41,42.78,3.52,3.297
Wheat,North,Loamy,635.58,20.84,63.08,6.61,97.55,28.39,51.1,4.02,6.048
Wheat,South,Sandy,853.13,24.75,62.96,6.29,100.22,20.37,106.77,8.9,1.1
Wheat,South,Clay,846.1,16.12,76.8,6.43,119.0,105.83,119.63,5.73,4.902
Wheat,Central,Loamy,275.09,22.16,75.65,6.47,162.35,101.36,135.04,5.85,7.901
Wheat,South,Black,685.84,23.07,79.77,7.51,141.11,67.94,28.66,7.98,2.499
Wheat,West,Clay,361.56,17.6,66.8,7.79,160.41,77.67,65.01,4.19,7.249
Wheat,East,Clay,688.49,14.05,85.78,7.39,77.97,91.48,58.69,6.3,4.24
Wheat,South,Alluvial,733.29,16.84,60.66,6.87,160.58,91.42,45.44,7.65,4.313
Wheat,Central,Black,798.61,17.44,67.65,6.88,139.91,27.98,60.37,1.82,4.224
Wheat,West,Black,839.1,15.71,51.74,6.29,39.82,98.93,63.02,1.39,4.731
Wheat,East,Sandy,633.09,17.67,71.36,6.15,138.8,85.19,103.75,3.3,7.363
Wheat,East,Black,503.24,15.06,92.08,7.52,144.53,46.63,98.42,8.58,5.698
Wheat,South,Sandy,502.18,17.42,59.46,6.75,99.52,26.43,127.61,8.84,3.664
Wheat,North,Clay,423.44,20.87,81.06,6.65,160.93,35.97,43.99,8.13,5.108
Wheat,North,Clay,679.57,17.69,55.56,6.97,150.77,39.71,58.37,1.35,5.761
Wheat,South,Alluvial,436.93,30.53,50.9,6.23,165.66,38.59,76.71,5.03,7.942
Wheat,East,Loamy,605.91,17.46,69.31,7.21,159.64,33.57,108.01,5.79,5.472
Wheat,West,Clay,923.17,16.18,69.6,7.23,48.35,66.26,141.97,3.76,3.82
Wheat,East,Loamy,319.6,26.56,93.16,7.08,165.52,55.35,92.06,3.62,8.694
Wheat,North,Sandy,634.63,21.73,61.07,6.3,163.01,84.49,70.39,9.34,4.322
Wheat,South,Alluvial,852.74,18.65,56.04,6.81,74.57,86.85,110.99,6.08,4.055
Wheat,West,Loamy,626.36,21.3,71.69,6.31,67.03,28.71,61.54,1.71,5.399
Wheat,South,Alluvial,607.68,19.8,50.27,5.64,77.25,73.14,29.03,4.54,3.949
Wheat,Central,Alluvial,622.42,19.49,57.33,7.07,48.72,108.41,59.29,8.72,4.189
Wheat,Central,Sandy,533.84,16.93,93.66,7.3,129.19,59.17,125.06,8.83,5.908
Wheat,Central,Clay,300.84,23.1,49.02,6.85,92.72,69.54,73.07,4.15,6.282
Wheat,East,Alluvial,864.99,25.84,65.02,6.44,55.48,28.71,121.23,1.92,4.457
Wheat,East,Alluvial,540.29,19.36,70.84,5.97,133.21,40.91,44.44,9.13,3.231
Wheat,North,Clay,736.55,17.99,83.59,7.0,92.96,64.21,32.86,9.58,1.1
Wheat,North,Black,735.23,19.8,49.73,6.97,70.07,93.08,116.28,3.85,5.665
Wheat,North,Black,611.89,18.63,83.83,6.05,58.23,59.9,136.99,1.76,4.792
Wheat,Central,Black,813.59,17.98,70.9,7.43,135.2,97.42,120.45,3.36,5.686
Wheat,North,Sandy,807.02,21.26,82.41,6.87,65.9,38.32,58.3,4.88,3.816
Wheat,South,Black,730.65,20.06,66.33,6.76,127.8,114.4,67.19,3.2,7.199
Wheat,East,Clay,781.5,20.86,86.85,6.87,42.68,36.61,58.79,6.46,4.166
Wheat,West,Alluvial,555.05,17.58,52.56,7.22,95.46,24.16,96.95,8.83,3.029
Wheat,South,Clay,776.34,21.54,78.36,6.98,167.98,87.79,120.36,7.91,4.756
Wheat,North,Loamy,650.25,17.54,58.17,7.04,58.02,98.5,75.58,8.25,3.691
Wheat,South,Black,596.65,20.11,52.21,6.57,120.96,33.07,130.03,7.25,4.434
Wheat,North,Black,710.64,21.35,55.04,6.83,76.31,75.25,127.07,7.54,4.429
Wheat,Central,Alluvial,215.72,23.1,84.11,7.0,77.01,37.8,113.11,1.94,6.274
Wheat,East,Alluvial,130.3,16.15,76.5,6.57,38.02,59.68,97.94,1.19,4.346
Wheat,East,Sandy,785.49,23.35,68.51,6.34,130.09,102.55,91.48,5.7,5.165
Wheat,East,Black,630.84,19.22,59.81,6.41,133.45,101.63,110.98,4.9,6.895
Wheat,North,Sandy,597.91,17.63,58.76,6.84,126.28,79.62,109.14,3.26,8.014
Wheat,North,Sandy,582.07,20.69,92.25,6.04,165.48,96.03,54.83,3.83,5.279
Wheat,North,Clay,447.28,20.26,60.41,5.99,155.88,100.34,129.52,4.75,7.072
Wheat,West,Clay,429.93,28.71,56.43,6.9,159.48,100.71,66.79,8.47,6.438
Wheat,North,Black,523.19,20.92,84.07,6.48,71.67,67.52,144.44,9.7,5.427
Wheat,North,Black,482.04,22.18,48.51,6.17,79.95,83.92,101.07,2.5,7.227
Wheat,North,Alluvial,503.08,15.72,61.51,6.97,157.75,40.63,96.56,5.97,6.437
Wheat,East,Loamy,756.89,20.7,77.64,6.27,51.52,38.64,64.43,4.55,4.422
Wheat,East,Loamy,679.01,19.0,93.37,6.75,67.88,74.96,72.13,1.14,2.728
Wheat,Central,Sandy,574.64,26.01,70.04,6.85,86.34,40.1,101.12,7.8,4.815
Wheat,West,Alluvial,706.55,19.44,91.98,7.45,135.97,109.07,130.72,3.6,4.258
Wheat,South,Loamy,946.19,23.12,56.46,7.16,96.5,107.15,68.7,4.12,5.169
Wheat,South,Loamy,412.09,19.73,65.1,6.9,153.48,52.7,67.25,6.33,7.283
Wheat,Central,Sandy,594.87,21.44,91.94,6.55,123.63,69.6,66.33,3.76,5.005
Wheat,North,Sandy,629.23,20.64,89.32,6.71,169.79,37.18,90.19,4.05,5.266
Wheat,East,Clay,734.49,24.83,55.57,7.42,42.86,54.53,131.83,3.69,4.559
Wheat,West,Loamy,417.8,20.07,57.09,7.0,128.67,43.1,103.41,2.03,7.985
Wheat,Central,Clay,423.68,14.07,61.36,6.0,133.92,28.79,60.03,3.51,6.224
Wheat,South,Alluvial,905.08,18.98,91.25,7.04,135.3,49.02,42.77,8.47,1.857
Wheat,West,Black,513.15,19.35,50.73,6.87,119.33,75.42,108.6,5.41,7.504
Wheat,South,Sandy,632.51,18.75,89.66,6.79,118.51,40.29,38.17,8.23,3.675
Wheat,West,Alluvial,617.69,22.22,62.45,6.29,52.78,54.15,134.42,1.0,5.734
Wheat,North,Loamy,686.03,22.46,60.82,7.56,152.46,114.01,79.5,7.96,3.692
Maize,East,Alluvial,1037.67,22.65,81.68,6.43,159.88,71.56,99.64,8.56,5.195
Maize,South,Black,700.56,21.79,84.16,6.11,164.11,45.27,115.15,8.28,5.567
Maize,South,Clay,702.2,22.19,58.31,6.63,84.71,67.46,86.65,1.04,6.132
Maize,East,Black,799.32,28.63,81.68,6.15,105.83,32.95,135.47,5.05,5.922
Maize,Central,Clay,786.0,23.24,81.23,5.9,47.74,44.77,102.37,5.14,4.373
Maize,West,Alluvial,655.11,24.34,68.12,7.21,69.28,98.58,92.6,6.21,5.935
Maize,South,Clay,671.5,32.23,84.17,6.04,93.95,83.31,139.48,2.5,7.781
Maize,North,Clay,587.35,27.7,54.86,6.56,87.38,32.44,49.41,6.0,6.491
Maize,South,Clay,551.41,26.18,68.22,5.54,37.26,108.21,51.31,1.14,6.651
Maize,Central,Loamy,644.26,24.92,83.93,6.15,65.82,73.57,103.84,4.14,6.285
Maize,West,Loamy,858.86,25.25,62.12,6.39,143.17,23.81,94.99,8.88,2.539
Maize,South,Clay,795.79,28.09,86.34,6.38,35.02,107.04,54.11,2.98,5.442
Maize,West,Loamy,769.28,18.52,53.26,6.4,101.19,20.24,54.38,3.96,5.838
Maize,East,Black,425.71,29.76,66.05,6.33,162.97,67.68,79.56,4.73,10.931
Maize,Central,Black,711.08,31.99,89.66,6.53,41.63,38.92,139.48,8.92,4.982
Maize,Central,Alluvial,805.78,24.43,64.97,7.31,36.79,78.82,101.95,8.39,1.837
Maize,West,Clay,888.05,22.86,77.24,6.63,88.07,18.25,62.67,4.24,4.739
Maize,East,Alluvial,633.8,23.68,53.9,6.22,141.74,47.65,91.86,8.07,6.02
Maize,North,Loamy,752.45,24.19,91.07,7.11,84.77,35.43,74.21,5.31,4.8
Maize,West,Loamy,900.18,28.14,70.41,6.2,159.95,54.87,51.38,5.12,5.838
Maize,West,Black,544.87,24.97,86.37,5.84,70.44,107.66,45.95,4.31,6.999
Maize,Central,Sandy,611.09,29.14,55.88,6.61,148.13,29.91,29.95,1.54,7.368
Maize,Central,Black,604.68,20.21,89.9,5.69,48.82,95.62,75.39,5.36,5.737
Maize,North,Black,560.07,30.22,52.08,6.93,121.17,97.07,92.67,6.24,7.315
Maize,North,Clay,649.67,34.44,68.29,6.07,165.18,72.64,142.24,5.69,6.594
Maize,West,Sandy,482.71,21.48,52.62,7.04,114.33,87.94,60.5,5.27,6.07
Maize,South,Alluvial,632.39,26.6,74.94,6.29,121.74,26.3,121.74,5.26,6.825
Maize,South,Sandy,912.1,28.26,71.18,6.32,90.65,104.58,60.04,9.63,3.54
Maize,South,Black,882.85,24.56,85.46,6.17,169.66,80.82,122.73,5.82,6.296
Maize,North,Sandy,828.99,23.85,59.92,6.18,97.44,87.22,39.23,6.75,2.967
Maize,North,Clay,516.73,26.27,79.62,6.68,164.62,55.93,77.71,4.17,9.127
Maize,Central,Sandy,579.54,28.12,71.71,6.82,165.26,93.41,144.13,4.99,7.521
Maize,North,Clay,732.37,24.23,73.69,6.6,140.51,104.53,81.73,3.79,6.921
Maize,Central,Sandy,1115.55,24.76,56.46,6.13,46.96,104.54,90.02,5.11,4.513
Maize,North,Alluvial,912.15,30.1,58.29,6.63,149.59,47.35,59.3,4.35,5.814
Maize,North,Black,795.79,29.35,68.27,5.86,47.68,109.7,75.17,2.96,6.563
Maize,Central,Loamy,587.72,26.36,78.67,6.81,63.75,23.67,95.15,1.09,6.076
Maize,North,Alluvial,1025.53,26.23,85.24,6.21,144.74,32.98,91.16,3.19,4.089
Maize,West,Clay,856.23,30.62,74.36,6.52,115.89,107.43,123.06,5.9,5.853
Maize,East,Loamy,907.19,24.02,52.7,6.05,160.73,80.63,105.51,9.24,5.348
Maize,Central,Black,578.8,26.73,74.06,7.0,58.66,29.0,114.92,6.9,5.802
Maize,South,Clay,890.34,28.57,63.38,7.85,95.16,94.93,101.91,2.36,5.668
Maize,North,Clay,700.17,25.93,49.42,6.95,103.07,26.36,55.14,2.04,6.43
Maize,North,Alluvial,628.84,27.19,77.0,6.27,154.1,18.91,32.36,7.89,5.446
Maize,West,Clay,848.97,35.62,49.23,6.88,150.92,65.52,85.69,4.16,6.709
Maize,North,Alluvial,653.02,27.61,92.1,6.08,164.43,66.47,89.66,1.73,7.43
Maize,North,Black,651.57,22.05,67.88,6.3,133.78,63.56,117.72,8.43,6.518
Maize,East,Loamy,619.96,23.24,75.43,6.38,99.06,105.06,69.11,5.02,8.031
Maize,North,Sandy,600.32,22.06,50.42,6.28,146.48,56.75,131.79,7.99,6.012
Maize,North,Black,551.27,26.6,81.43,7.02,99.53,79.52,90.41,7.14,6.544
Maize,North,Clay,611.24,31.97,50.74,6.43,122.5,95.63,55.86,4.23,7.719
Maize,South,Alluvial,1048.91,24.73,76.27,6.91,145.61,27.8,79.4,8.78,2.071
Maize,East,Clay,794.72,23.45,73.69,6.56,37.51,44.26,85.69,9.23,1.975
Maize,South,Loamy,588.98,28.15,90.69,6.77,56.03,30.98,63.52,7.11,7.17
Maize,Central,Loamy,873.92,22.41,82.54,5.55,51.3,104.07,46.0,3.57,4.15
Maize,North,Loamy,973.74,20.65,52.49,6.48,120.55,98.75,143.22,3.75,5.938
Maize,South,Clay,659.77,30.39,79.48,6.74,72.21,42.41,91.51,2.02,5.782
Maize,East,Clay,772.74,30.9,78.97,6.96,138.45,47.71,39.49,3.34,5.148
Maize,West,Alluvial,803.4,26.9,64.05,6.59,44.91,91.03,38.68,6.81,3.9
Maize,North,Clay,764.97,30.67,88.18,5.99,39.2,51.04,56.32,7.9,3.985
Maize,East,Black,501.64,24.43,53.85,6.12,73.1,89.7,53.06,3.73,7.37
Maize,East,Clay,919.25,21.73,70.11,5.66,161.82,61.62,94.32,8.56,4.199
Maize,East,Black,755.7,27.13,71.09,6.43,93.38,114.09,84.3,4.24,8.006
Maize,East,Black,623.08,22.03,81.28,6.79,56.06,57.79,43.01,3.72,5.117
Maize,West,Sandy,1074.81,21.51,90.61,5.25,53.76,107.35,102.91,8.65,3.1
Maize,West,Loamy,727.51,29.79,70.86,7.05,92.65,19.96,144.48,7.36,3.898
Maize,North,Loamy,414.15,17.22,62.27,6.53,124.37,84.54,81.16,4.7,8.507
Maize,West,Loamy,782.13,28.47,53.28,6.4,161.38,82.13,94.73,6.49,6.917
Maize,South,Alluvial,241.97,25.01,63.16,5.09,133.73,21.61,86.45,5.4,6.796
Maize,North,Clay,894.16,26.52,51.62,6.51,75.32,105.32,75.89,1.49,6.6
Maize,North,Clay,631.31,20.85,65.5,7.13,75.76,24.49,92.74,6.69,4.338
Maize,South,Loamy,949.04,26.6,49.57,6.35,72.69,61.23,55.25,2.47,4.189
Maize,South,Clay,834.91,21.98,80.91,5.93,115.44,81.44,73.95,5.86,4.981
Maize,South,Sandy,1010.45,24.64,72.49,6.27,80.15,40.37,126.64,0.92,4.242
Maize,West,Black,815.06,20.04,61.87,6.48,75.32,88.14,68.95,7.65,3.071
Maize,Central,Sandy,957.93,16.15,65.42,6.46,153.43,20.89,91.8,4.29,3.857
Maize,East,Black,837.22,31.42,73.32,6.42,39.94,92.81,53.52,5.05,5.38
Maize,North,Sandy,692.09,30.66,54.3,6.44,119.26,100.07,61.35,5.23,6.646
Maize,South,Clay,930.82,25.23,49.03,6.11,61.08,32.23,76.43,3.37,5.255
Maize,East,Alluvial,805.88,26.76,59.58,6.04,154.35,109.02,61.15,7.55,5.24
Maize,Central,Sandy,747.15,34.05,92.0,6.8,78.34,37.25,78.34,8.88,4.298
Maize,North,Sandy,719.37,29.61,91.88,6.68,121.12,51.2,87.45,4.64,6.631
Maize,North,Alluvial,937.78,23.62,64.84,5.57,40.74,58.81,100.89,3.16,3.011
Maize,South,Black,385.04,25.56,59.24,6.37,66.8,42.03,56.89,2.57,8.639
Maize,Central,Clay,934.98,29.37,70.73,6.68,42.81,82.52,54.98,5.46,3.757
Maize,West,Clay,909.78,26.4,51.93,6.1,104.27,104.13,139.58,6.48,4.324
Maize,Central,Alluvial,858.21,28.23,61.96,6.05,45.67,64.43,119.88,2.66,5.085
Maize,East,Loamy,1109.95,23.95,57.21,5.37,50.85,100.33,118.58,7.54,3.039
Maize,Central,Loamy,709.68,27.2,56.76,5.8,83.83,25.58,40.2,5.67,6.099
Maize,East,Black,824.83,21.83,60.43,5.95,147.15,36.19,48.78,2.64,5.598
Maize,East,Alluvial,350.03,29.8,91.55,6.58,130.05,88.57,98.89,0.94,8.871
Maize,West,Black,993.05,23.64,59.64,6.8,111.36,69.24,59.69,4.95,3.188
Maize,South,Clay,761.75,26.33,77.25,6.24,100.71,53.1,133.06,4.71,7.597
Maize,North,Alluvial,839.82,25.48,91.87,6.8,40.71,85.45,85.68,5.22,3.969
Maize,South,Alluvial,473.88,29.56,71.16,6.73,46.48,29.18,136.51,4.08,8.468
Maize,North,Alluvial,654.46,25.02,71.82,6.53,66.23,40.17,33.51,2.43,6.542
Maize,North,Black,412.43,26.21,80.08,6.3,75.72,88.72,52.11,5.79,7.102
Maize,Central,Black,776.47,23.41,63.83,6.77,167.02,29.48,52.59,1.76,5.422
Maize,East,Alluvial,797.78,21.36,73.87,6.97,123.56,75.11,85.79,7.61,4.804
Maize,Central,Loamy,883.43,28.17,67.38,5.87,83.83,55.94,77.94,4.14,4.778
Maize,Central,Loamy,620.09,26.63,53.25,6.12,51.19,21.58,94.13,2.16,7.981
Maize,North,Sandy,934.34,21.69,89.85,6.68,125.35,61.49,124.59,8.67,4.597
Maize,West,Black,665.74,27.16,84.72,6.98,50.44,75.59,143.27,7.24,5.775
Maize,West,Clay,935.17,24.77,57.92,6.32,113.3,94.45,137.59,7.68,4.297
Maize,South,Loamy,752.88,25.09,66.81,5.68,169.93,74.99,79.42,2.76,8.206
Maize,East,Loamy,470.67,27.88,56.36,6.32,162.52,110.32,66.31,6.25,8.341
Maize,North,Sandy,559.09,28.11,77.36,6.34,51.77,72.37,48.02,3.55,5.891
Maize,Central,Clay,926.06,23.04,59.71,6.09,140.61,33.13,58.65,4.75,4.203
Maize,Central,Clay,602.9,23.52,88.31,6.36,145.52,47.58,127.79,9.63,5.419
Maize,South,Sandy,906.88,23.39,90.38,6.39,105.92,84.15,72.62,3.24,4.202
Maize,South,Clay,880.61,23.32,80.14,5.87,62.93,35.18,67.34,6.93,3.754
Maize,Central,Sandy,1027.75,25.58,67.92,6.72,63.57,97.82,92.35,3.74,5.032
Maize,South,Sandy,895.37,20.01,79.15,6.35,135.59,72.89,105.01,5.95,6.618
Maize,North,Clay,448.48,22.66,51.59,5.78,61.01,65.41,91.68,8.06,3.902
Maize,West,Loamy,844.24,23.07,93.59,6.45,140.27,93.89,92.7,7.18,5.883
Maize,South,Alluvial,599.72,21.36,60.98,6.37,167.95,22.21,99.65,3.95,7.359
Maize,South,Black,688.08,27.84,76.77,7.16,104.68,46.64,95.55,8.86,4.567
Maize,Central,Clay,919.78,26.14,71.65,7.13,91.62,74.28,47.35,4.15,3.308
Maize,North,Loamy,570.17,20.1,49.18,6.67,76.09,97.5,129.46,9.49,6.058
Maize,Central,Clay,807.6,22.05,55.14,6.19,53.06,33.98,75.09,1.94,5.575
Maize,West,Clay,555.68,24.09,66.57,6.46,79.52,108.53,129.12,9.09,5.821
Maize,Central,Alluvial,811.82,21.06,53.41,6.39,153.14,49.24,75.68,5.64,5.886
Maize,North,Clay,676.96,19.5,84.62,6.69,54.64,91.87,109.1,4.14,5.754
Maize,East,Clay,926.8,23.72,78.02,6.77,130.71,27.82,64.8,1.3,3.246
Maize,Central,Black,695.49,22.5,73.48,5.99,53.63,24.82,129.56,6.46,4.97
Maize,South,Black,1060.46,27.06,72.33,5.87,90.38,72.06,38.53,9.08,1.1
Maize,North,Clay,935.94,24.42,76.67,6.41,67.15,39.86,112.63,7.59,3.319
Maize,South,Black,474.0,24.33,55.19,5.45,135.91,56.6,84.03,3.3,9.086
Maize,South,Sandy,667.88,30.85,70.39,6.53,154.01,84.41,80.73,5.86,8.114
Maize,Central,Sandy,779.82,25.4,89.27,6.28,149.73,32.44,67.51,7.23,4.689
Maize,West,Sandy,723.34,25.16,70.7,6.84,46.94,56.82,55.23,6.69,3.34
Maize,North,Black,1032.76,21.88,73.7,6.04,116.37,51.64,142.13,9.41,3.003
Maize,South,Black,837.76,26.32,63.9,6.73,168.12,98.94,140.17,2.79,6.311
Maize,South,Sandy,894.48,25.91,50.6,6.03,125.96,72.42,97.89,3.5,6.975
Maize,Central,Clay,573.3,26.21,61.15,6.89,118.19,36.05,128.62,8.71,5.132
Maize,West,Clay,779.45,28.84,76.11,6.08,113.57,106.76,73.32,7.56,5.566
Maize,East,Sandy,887.54,23.8,62.05,6.93,114.58,98.08,35.38,5.69,4.56
Maize,East,Clay,833.39,24.86,65.17,6.96,164.19,42.59,30.99,9.32,2.182
Maize,East,Alluvial,718.11,24.45,73.57,6.29,112.72,106.31,116.62,3.92,7.241
Maize,North,Sandy,755.32,28.85,74.76,6.46,123.09,27.22,135.65,1.44,5.525
Maize,East,Sandy,1109.41,30.59,82.14,6.58,95.66,40.9,48.9,7.24,4.039
Maize,East,Alluvial,591.19,30.97,69.82,6.46,118.6,73.68,123.83,1.56,9.75
Maize,North,Alluvial,543.65,24.44,54.73,6.83,59.98,57.92,97.19,4.66,6.134
Maize,North,Loamy,855.91,21.58,53.89,5.84,126.71,87.44,111.6,9.66,4.649
Maize,North,Alluvial,844.88,22.97,50.77,6.37,49.29,61.76,137.05,6.55,4.063
Maize,South,Loamy,769.61,27.08,74.9,6.76,169.31,108.65,121.04,5.04,6.851
Maize,South,Sandy,624.58,28.1,72.62,6.31,110.75,65.92,36.57,2.96,5.661
Maize,East,Clay,980.57,28.15,66.96,6.83,53.47,101.9,86.04,9.17,3.028
Maize,East,Alluvial,950.13,28.17,89.28,6.63,115.47,97.04,55.71,4.81,5.775
Maize,West,Alluvial,928.82,24.09,78.0,6.6,81.65,113.46,35.63,3.56,5.347
Maize,West,Clay,752.23,20.56,90.77,6.39,44.63,21.55,78.5,1.04,4.387
Maize,Central,Clay,858.88,32.08,67.03,6.81,118.69,70.56,58.77,7.82,3.177
Maize,North,Clay,1029.97,23.92,86.89,7.02,36.86,86.61,139.27,1.02,2.984
Maize,West,Alluvial,904.26,20.52,64.39,6.44,120.7,78.39,80.82,6.09,4.71
Maize,South,Black,708.54,28.05,90.36,6.31,80.97,51.84,35.91,9.6,3.461
Maize,West,Loamy,428.71,24.45,84.29,5.55,47.32,103.73,59.46,4.31,7.338
Maize,Central,Alluvial,924.17,24.54,58.19,6.16,127.93,68.35,109.21,9.5,4.7
Maize,Central,Alluvial,865.86,29.2,77.17,6.36,58.79,40.58,48.38,9.78,2.989
Maize,West,Loamy,617.59,29.77,71.02,6.54,76.05,18.69,51.69,9.63,5.67
Maize,South,Black,655.78,18.5,62.23,6.83,112.39,57.59,94.34,1.49,7.348
Maize,North,Loamy,727.22,27.16,50.24,6.25,118.13,37.97,112.48,8.23,4.67
Maize,Central,Alluvial,790.98,29.97,66.16,6.37,151.75,79.33,137.12,2.35,7.791
Maize,East,Alluvial,432.67,26.94,58.03,6.45,157.13,82.46,95.85,7.91,8.974
Maize,Central,Sandy,596.81,20.9,72.94,6.38,169.0,89.25,102.9,8.41,6.632
Maize,South,Black,873.51,29.2,64.82,6.62,144.95,84.51,128.19,2.01,7.747
Maize,East,Sandy,715.55,27.25,71.24,6.18,124.45,81.09,37.39,5.05,5.616
Maize,South,Black,827.38,24.37,71.05,6.19,78.11,77.97,106.8,6.46,5.031
Maize,Central,Black,515.55,24.52,57.0,5.62,75.14,103.98,41.52,4.8,7.095
Maize,North,Clay,346.29,21.9,90.92,6.76,61.63,57.3,41.57,4.55,5.732
Maize,East,Black,608.5,27.45,72.39,6.87,55.26,82.21,44.62,7.82,4.569
Maize,South,Black,658.88,25.04,59.12,6.51,82.28,103.99,104.77,1.59,8.36
Maize,South,Loamy,584.8,23.16,49.22,6.88,116.16,25.8,118.42,2.96,7.059
Maize,Central,Black,607.69,24.91,91.53,6.03,107.93,99.45,143.55,7.73,7.159
Maize,Central,Loamy,1042.33,24.41,57.96,5.96,66.22,93.8,53.87,7.19,2.244
Maize,West,Black,645.22,26.94,61.87,6.87,134.65,86.89,129.05,7.06,7.284
Maize,North,Black,559.72,25.56,78.06,6.84,75.33,65.47,36.77,8.74,3.714
Maize,West,Black,950.5,24.76,60.75,6.07,96.91,78.72,38.07,4.1,3.566
Maize,South,Sandy,787.09,22.47,66.96,5.74,55.13,111.71,133.95,2.82,6.84
Maize,East,Black,909.29,28.8,74.87,6.27,115.02,99.1,55.59,7.01,5.229
Maize,South,Alluvial,979.22,25.49,89.4,6.23,101.15,54.46,87.06,2.62,4.502
Maize,Central,Clay,783.11,28.24,70.4,6.62,63.4,95.19,36.79,4.53,5.512
Maize,East,Loamy,1024.47,30.44,64.42,6.6,155.33,64.36,58.16,2.16,6.326
Maize,West,Clay,856.82,26.15,88.23,5.6,55.36,64.59,82.82,1.77,1.744
Maize,East,Clay,527.24,25.23,87.6,6.98,41.8,102.57,47.27,2.96,6.044
Maize,South,Alluvial,535.94,25.15,69.17,6.16,131.94,70.14,64.15,8.3,6.108
Maize,North,Sandy,823.96,25.37,65.88,6.07,135.41,105.78,44.21,5.36,6.17
Maize,South,Black,833.52,28.13,62.9,6.19,55.69,110.58,75.16,7.75,5.217
Maize,West,Loamy,824.93,26.08,93.79,6.79,49.11,40.82,65.85,6.67,4.628
Maize,West,Alluvial,594.77,29.9,49.58,5.84,48.23,74.25,80.19,3.75,5.944
Maize,East,Loamy,818.58,26.64,50.41,6.35,165.74,111.97,129.14,1.92,7.121
Maize,West,Clay,690.66,24.48,57.93,6.82,119.26,101.2,29.2,0.89,6.869
Maize,South,Sandy,655.76,24.43,90.18,6.74,67.27,113.2,124.96,2.43,6.785
Maize,South,Alluvial,582.0,27.47,49.69,6.63,41.7,89.83,61.78,7.39,5.387
Maize,West,Alluvial,604.3,27.86,49.49,6.54,95.93,23.61,107.36,4.97,6.071
Maize,West,Alluvial,690.74,23.81,74.77,6.18,131.25,19.96,87.39,3.63,5.269
Maize,Central,Black,841.96,21.95,76.97,6.32,103.86,69.66,54.13,7.69,2.778
Maize,West,Clay,679.95,27.61,86.49,7.27,68.48,24.91,101.9,1.02,3.911
Maize,East,Sandy,661.47,23.66,61.71,6.17,47.04,62.63,119.96,1.85,6.003
Maize,Central,Sandy,850.81,23.19,77.74,5.88,129.69,58.84,30.08,3.97,3.167
Maize,North,Black,1148.27,28.3,66.08,5.9,46.66,19.89,92.04,4.02,5.486
Maize,South,Clay,796.19,25.96,80.23,5.86,102.56,21.47,80.85,8.32,3.065
Maize,Central,Clay,844.29,25.99,89.62,6.14,130.4,107.7,129.22,6.61,5.564
Maize,North,Sandy,458.16,26.95,63.71,6.96,130.12,18.72,35.44,5.82,7.177
Maize,Central,Black,817.08,24.34,74.49,6.57,55.15,62.99,33.41,6.71,3.606
Maize,South,Clay,767.64,24.12,87.97,5.38,101.42,25.88,110.38,2.36,3.238
Maize,Central,Clay,609.03,25.65,78.46,6.28,72.2,58.78,111.62,2.86,6.706
Maize,South,Sandy,512.23,26.02,51.07,6.24,71.06,92.87,63.76,1.57,8.356
Maize,West,Clay,961.01,21.07,50.21,6.22,100.11,82.48,89.05,2.45,5.039
Maize,West,Clay,686.47,23.01,53.28,6.75,97.8,30.47,138.91,6.7,4.261
Maize,East,Black,1304.6,28.34,89.76,6.25,150.45,45.45,122.15,6.66,7.102
Maize,Central,Sandy,673.45,31.65,86.37,6.58,36.55,53.83,92.94,7.67,4.267
Maize,Central,Sandy,547.0,25.78,88.47,6.78,127.66,69.86,86.19,3.13,7.598
Maize,South,Loamy,543.44,32.43,89.49,6.76,104.45,28.12,70.03,1.47,6.24
Maize,Central,Loamy,1037.76,23.92,64.74,6.23,42.11,99.97,128.15,1.42,5.946
Maize,South,Black,906.02,25.24,65.01,6.5,108.61,38.5,120.06,5.81,4.968
Maize,Central,Loamy,650.28,25.61,81.13,4.86,36.91,73.94,52.29,3.67,4.696
Maize,Central,Alluvial,917.73,30.44,92.56,6.77,162.89,87.52,92.06,8.22,6.495
Maize,Central,Clay,803.29,24.52,70.14,6.39,99.99,70.21,34.15,4.97,3.832
Maize,North,Alluvial,912.4,24.48,65.86,6.74,120.11,60.67,81.84,9.41,3.035
Maize,East,Alluvial,513.15,12.56,57.47,6.21,89.83,22.18,75.72,8.95,5.272
Maize,North,Alluvial,840.22,27.66,67.39,6.42,91.47,57.03,88.93,3.33,5.814
Maize,Central,Clay,675.08,19.66,90.46,6.54,81.84,98.24,49.23,9.24,4.185
Maize,West,Clay,673.67,29.44,60.92,6.18,130.6,46.28,81.42,5.81,6.536
Maize,Central,Black,634.45,26.88,70.16,6.04,154.65,91.12,55.36,8.38,5.791
Maize,South,Clay,503.0,26.75,82.33,6.41,44.89,65.84,129.39,7.69,6.361
Maize,Central,Black,738.91,18.71,69.88,6.6,45.02,56.76,35.31,8.94,2.71
Maize,East,Sandy,1280.15,25.03,48.96,6.51,154.32,41.07,71.84,9.51,3.217
Maize,West,Clay,779.94,24.84,53.96,7.31,118.13,78.1,79.05,4.62,5.228
Maize,South,Alluvial,645.78,25.6,60.93,5.86,138.6,98.25,104.26,1.18,8.28
Maize,North,Clay,809.58,23.74,83.42,6.65,161.09,91.58,104.29,4.19,6.854
Maize,Central,Sandy,778.51,26.54,57.98,6.75,167.37,70.64,69.96,5.43,6.968
Maize,East,Black,746.53,24.58,79.83,5.98,130.77,102.99,33.25,9.26,4.636
Maize,West,Alluvial,997.82,27.23,72.85,6.99,168.53,67.01,73.49,8.3,4.837
Maize,South,Alluvial,925.67,28.42,68.05,6.61,141.64,102.36,142.89,2.73,6.765
Maize,West,Loamy,795.96,29.0,51.46,6.12,129.72,34.85,108.71,6.36,4.64
Maize,West,Alluvial,687.55,30.59,66.27,7.06,138.09,76.2,58.6,8.97,4.146
Maize,North,Clay,593.8,31.03,79.23,6.83,96.36,56.33,121.08,6.69,7.72
Maize,Central,Alluvial,790.32,24.87,48.62,6.2,148.7,26.55,131.21,2.83,7.182
Maize,South,Sandy,766.03,20.24,66.88,5.93,163.06,67.23,91.14,4.96,7.393
Maize,West,Clay,729.57,23.92,79.85,7.09,108.3,52.28,39.43,1.63,3.057
Maize,Central,Alluvial,874.97,30.82,85.13,5.52,60.21,50.55,88.16,7.34,3.626
Maize,West,Black,650.09,32.16,66.03,6.12,100.21,86.5,70.32,6.76,5.71
Maize,West,Loamy,795.38,28.66,84.2,6.33,160.58,26.91,69.66,9.13,3.694
Maize,North,Alluvial,916.02,29.56,90.22,6.1,60.39,114.84,93.37,8.32,6.238
Maize,North,Loamy,747.07,25.08,75.55,6.56,109.25,104.48,49.2,7.8,5.465
Maize,Central,Clay,698.98,26.28,82.21,6.72,40.12,112.94,117.44,5.4,8.09
Maize,North,Alluvial,719.16,30.29,65.26,5.85,125.05,34.33,126.09,2.25,6.592
Maize,East,Sandy,946.02,23.16,85.07,6.52,129.06,23.49,50.65,3.17,3.692
Maize,North,Clay,715.34,26.65,69.67,5.98,101.54,111.63,126.69,2.34,6.722
Maize,North,Clay,569.11,23.8,55.82,6.26,61.47,77.57,65.96,7.71,3.907
Maize,Central,Sandy,1041.0,29.04,71.35,6.18,128.97,57.39,112.42,6.06,6.129
Maize,South,Clay,671.12,31.05,48.73,6.02,131.49,49.91,83.81,5.09,7.083
Maize,North,Alluvial,969.12,31.87,80.19,6.13,97.94,78.04,115.44,0.83,5.87
Maize,East,Sandy,738.78,25.35,90.91,6.25,105.05,66.03,106.47,3.4,6.444
Maize,Central,Alluvial,662.11,26.21,70.9,6.64,50.0,56.72,30.48,8.04,4.333
Maize,East,Clay,967.78,26.35,56.97,5.55,158.87,111.3,65.89,2.31,5.827
Maize,Central,Black,608.49,22.65,72.77,6.9,56.37,50.95,60.27,1.5,4.849
Maize,Central,Clay,749.66,25.13,68.41,6.7,98.11,25.52,57.83,8.22,3.833
Maize,North,Sandy,851.81,19.53,87.93,6.35,85.18,61.68,139.24,5.7,6.47
Maize,North,Loamy,992.93,28.43,67.02,7.12,110.52,80.2,120.08,7.58,5.083
Cotton,East,Alluvial,913.6,25.75,49.91,7.09,150.56,40.11,129.1,8.04,1.938
Cotton,West,Alluvial,722.99,30.38,90.12,7.3,50.74,82.71,59.14,7.55,2.255
Cotton,East,Sandy,692.84,24.42,50.4,6.27,116.33,46.39,144.91,6.71,3.399
Cotton,East,Loamy,904.49,38.7,81.25,5.92,49.48,76.01,119.95,7.79,1.759
Cotton,North,Loamy,556.73,29.37,75.97,6.4,107.62,75.07,132.17,3.34,7.815
Cotton,East,Clay,551.53,25.7,49.28,6.84,37.22,100.46,90.68,3.68,6.322
Cotton,East,Sandy,362.33,29.01,57.98,7.41,148.45,72.74,117.2,8.21,6.306
Cotton,Central,Sandy,771.83,28.12,80.15,7.45,115.4,75.97,85.62,2.93,3.561
Cotton,Central,Sandy,822.41,31.26,69.7,7.11,52.09,96.62,110.24,6.06,3.709
Cotton,West,Clay,690.61,26.07,70.29,5.86,87.17,114.08,104.36,8.16,3.298
Cotton,South,Loamy,568.4,33.17,92.78,6.96,135.21,71.51,59.0,2.75,4.9
Cotton,South,Black,896.11,29.13,88.04,6.74,103.62,74.59,95.79,4.94,4.305
Cotton,Central,Black,840.24,26.14,84.07,6.7,69.97,48.42,69.44,5.22,2.356
Cotton,East,Black,966.67,28.92,65.07,6.48,56.55,79.03,140.18,4.18,3.628
Cotton,North,Sandy,624.1,25.27,75.62,6.4,137.71,58.18,73.75,5.32,5.223
Cotton,East,Clay,765.29,27.86,50.59,6.39,124.81,65.82,111.42,6.72,4.624
Cotton,South,Clay,681.46,29.38,60.72,6.95,131.71,91.17,133.25,3.05,7.073
Cotton,West,Clay,1045.03,29.08,48.93,6.82,151.88,79.44,114.15,6.37,3.476
Cotton,North,Clay,684.5,22.6,82.46,6.94,40.3,71.49,37.49,2.5,2.262
Cotton,South,Loamy,953.12,26.03,61.14,7.06,53.97,54.98,122.25,1.69,3.003
Cotton,North,Alluvial,608.12,36.14,82.45,7.35,52.02,89.44,141.49,4.19,5.315
Cotton,South,Loamy,843.87,33.65,49.78,6.46,138.22,87.71,108.01,2.58,6.364
Cotton,North,Black,523.17,24.85,48.43,7.31,83.78,68.35,104.17,9.13,3.491
Cotton,Central,Black,713.29,24.97,49.51,6.36,80.25,56.23,53.88,3.61,2.877
Cotton,South,Black,722.62,33.15,51.95,6.84,156.49,61.89,135.3,7.14,4.087
Cotton,West,Loamy,642.76,30.41,74.24,6.02,124.54,91.29,94.66,7.58,4.535
Cotton,South,Clay,489.56,26.71,56.73,7.39,133.05,82.66,57.81,5.18,5.359
Cotton,East,Black,751.98,28.19,83.65,7.43,107.11,25.19,77.02,6.81,2.727
Cotton,North,Alluvial,379.41,24.83,77.24,6.82,106.13,96.1,48.72,8.66,4.323
Cotton,South,Sandy,890.49,27.27,91.85,6.21,35.02,58.61,30.67,1.99,1.1
Cotton,South,Loamy,911.86,28.76,62.89,6.84,60.87,36.77,32.79,6.01,3.257
Cotton,East,Loamy,635.13,28.15,75.11,6.7,88.02,41.33,88.32,9.2,2.849
Cotton,East,Loamy,586.13,27.36,68.09,6.37,111.17,26.74,77.22,9.68,2.345
Cotton,West,Alluvial,567.47,27.7,66.27,6.96,133.65,41.65,55.02,5.9,4.85
Cotton,South,Sandy,523.47,33.59,48.96,6.94,163.3,110.05,99.9,8.36,4.563
Cotton,Central,Black,712.33,28.29,56.68,6.57,78.13,18.96,29.39,4.37,5.799
Cotton,Central,Black,784.88,33.09,92.57,6.78,164.71,83.26,79.52,4.56,5.973
Cotton,West,Alluvial,737.43,29.97,60.87,7.25,83.89,102.92,93.88,8.88,2.996
Cotton,West,Black,698.62,33.51,62.34,6.86,120.95,50.89,77.15,5.68,4.458
Cotton,Central,Sandy,507.63,31.08,54.73,7.03,163.41,93.9,67.14,7.59,5.083
Cotton,West,Alluvial,665.28,29.81,57.76,6.23,47.26,107.92,136.82,7.23,4.549
Cotton,West,Sandy,906.04,30.76,58.5,6.93,159.93,19.32,111.66,6.04,2.484
Cotton,West,Black,558.87,33.7,66.71,6.51,153.65,85.11,49.2,2.87,6.113
Cotton,East,Black,389.45,36.32,89.15,6.07,126.77,29.27,102.48,6.18,5.147
Cotton,West,Alluvial,609.95,29.04,82.64,6.53,153.38,22.13,50.53,5.09,4.495
Cotton,South,Clay,765.74,23.1,62.55,6.47,167.93,26.53,107.43,3.74,4.166
Cotton,South,Alluvial,1038.32,22.82,85.08,7.29,64.46,29.83,56.44,7.42,1.714
Cotton,Central,Alluvial,785.18,31.1,51.04,7.47,98.77,111.25,142.43,2.66,4.522
Cotton,East,Clay,627.57,32.71,91.49,6.98,41.81,108.84,138.75,0.84,5.307
Cotton,West,Loamy,870.28,33.46,67.85,7.15,164.49,74.22,97.69,9.57,3.3
Cotton,East,Sandy,995.29,33.78,50.93,7.73,124.31,110.04,99.05,7.51,1.245
Cotton,Central,Sandy,701.88,30.4,82.18,6.58,110.47,43.7,58.69,8.69,2.203
Cotton,Central,Alluvial,518.29,30.49,67.88,6.31,154.39,46.91,111.22,2.74,7.078
Cotton,North,Clay,573.47,23.44,63.17,7.52,78.34,91.74,126.72,2.06,5.477
Cotton,South,Black,934.47,28.32,78.23,7.12,48.73,91.63,93.35,9.02,1.172
Cotton,North,Black,830.22,26.5,54.48,7.12,71.59,34.43,141.31,5.07,3.169
Cotton,West,Loamy,458.04,29.41,84.19,6.34,80.09,40.41,121.45,7.88,5.236
Cotton,South,Black,925.16,33.35,62.7,7.5,165.46,91.26,73.73,5.51,3.939
Cotton,North,Sandy,476.36,27.89,81.03,6.46,134.37,55.02,107.75,8.93,5.304
Cotton,East,Clay,497.09,28.34,86.58,6.75,87.99,81.27,46.07,9.61,2.565
Cotton,Central,Loamy,668.58,25.42,49.25,6.36,47.2,113.06,96.69,4.93,5.746
Cotton,North,Loamy,693.37,32.17,77.88,7.04,71.55,72.78,108.51,5.46,4.675
Cotton,East,Alluvial,604.61,25.81,80.51,6.42,87.04,80.33,30.45,5.22,3.657
Cotton,Central,Loamy,588.1,29.05,75.03,6.55,49.94,62.88,52.97,3.78,3.783
Cotton,East,Sandy,506.83,32.08,69.83,6.92,114.55,33.28,74.23,4.09,5.929
Cotton,West,Clay,364.6,28.87,74.89,5.35,126.5,19.85,79.01,5.15,4.529
Cotton,South,Black,711.97,32.88,80.55,6.73,129.42,108.85,83.21,2.16,5.149
Cotton,North,Sandy,755.24,30.63,89.48,6.55,44.09,78.0,30.68,7.43,2.214
Cotton,East,Sandy,966.2,29.1,93.92,6.49,79.41,96.75,141.34,4.09,3.47
Cotton,South,Clay,869.53,28.92,68.35,6.53,167.64,63.51,128.04,4.4,4.64
Cotton,West,Sandy,698.56,23.54,86.05,7.77,106.77,55.61,28.82,5.54,1.204
Cotton,East,Loamy,716.19,29.8,69.03,6.63,141.76,18.85,120.92,3.85,5.026
Cotton,North,Clay,830.68,23.83,69.98,6.05,101.74,64.13,84.69,7.43,1.16
Cotton,West,Sandy,589.22,27.78,79.32,6.82,128.86,90.14,40.53,9.36,2.727
Cotton,West,Alluvial,432.19,26.48,61.06,5.78,142.26,38.77,70.31,4.44,5.774
Cotton,North,Black,615.07,29.83,87.32,7.32,64.38,66.44,88.2,4.08,3.201
Cotton,West,Black,513.0,30.75,58.93,6.63,67.17,22.02,100.03,7.68,3.687
Cotton,East,Sandy,598.9,27.66,86.51,7.14,135.43,28.18,54.9,3.59,3.973
Cotton,North,Alluvial,797.34,30.14,83.28,6.53,87.66,61.34,137.96,3.0,5.227
Cotton,West,Sandy,586.02,31.38,66.95,6.89,168.56,94.69,93.46,6.58,5.88
Cotton,East,Clay,807.23,26.56,70.96,6.87,150.03,80.29,80.32,6.56,4.537
Cotton,South,Loamy,702.26,23.55,60.92,6.94,132.3,76.37,143.48,9.28,4.078
Cotton,South,Black,764.7,33.38,51.51,6.65,138.74,83.45,77.59,5.54,4.552
Cotton,West,Alluvial,548.16,27.55,58.9,6.57,146.36,33.45,144.44,7.9,4.993
Cotton,South,Black,771.96,26.5,59.56,7.01,71.15,69.31,137.96,2.35,5.764
Cotton,East,Loamy,520.3,32.58,64.27,6.68,40.91,74.23,112.68,2.0,5.515
Cotton,North,Sandy,659.43,27.88,90.58,6.7,90.28,23.4,38.26,3.97,4.442
Cotton,North,Black,514.48,26.89,78.17,6.35,147.97,47.2,75.47,6.91,5.526
Cotton,East,Sandy,513.0,35.06,89.47,7.67,132.9,80.98,53.81,1.79,3.654
Cotton,Central,Clay,836.76,31.68,56.63,6.39,64.86,40.37,63.46,3.75,3.022
Cotton,East,Black,936.79,26.66,81.48,6.43,140.39,69.19,117.49,7.06,4.317
Cotton,Central,Black,593.4,27.92,77.19,5.8,102.35,104.64,86.04,3.36,5.739
Cotton,North,Clay,529.15,29.14,51.56,6.07,50.87,27.61,108.21,5.03,4.438
Cotton,West,Black,768.31,28.83,76.09,7.05,46.88,102.57,136.78,1.71,4.93
Cotton,East,Black,477.2,28.87,74.84,7.62,95.49,33.42,128.03,5.81,5.391
Cotton,North,Clay,419.84,23.6,50.57,6.67,120.88,39.29,31.31,2.03,5.646
Cotton,South,Alluvial,627.89,31.93,71.29,7.28,84.33,97.72,28.55,8.42,2.919
Cotton,South,Black,719.45,27.38,71.67,7.43,159.83,110.54,44.41,8.33,3.897
Cotton,West,Clay,515.39,26.38,53.34,6.37,39.48,65.47,43.52,1.25,4.794
Cotton,North,Loamy,683.14,33.2,91.18,6.95,123.79,40.27,37.86,5.46,4.032
Cotton,East,Sandy,584.67,37.24,67.35,7.15,41.4,105.23,36.78,7.89,2.78
Cotton,Central,Loamy,621.95,35.49,67.74,7.37,162.41,108.26,72.01,7.02,4.389
Cotton,West,Loamy,786.94,26.1,56.07,6.95,76.3,99.49,64.82,4.23,4.054
Cotton,South,Black,1063.3,30.01,90.53,6.41,116.46,22.46,141.59,3.5,2.813
Cotton,North,Clay,467.51,24.39,53.75,7.43,47.75,34.34,103.04,3.55,5.022
Cotton,Central,Sandy,498.75,31.57,68.96,7.56,151.75,64.37,134.47,3.49,6.854
Cotton,South,Alluvial,641.17,28.7,58.15,6.67,121.83,51.66,73.33,8.2,3.662
Cotton,North,Black,605.74,28.94,79.44,7.73,111.25,91.85,113.94,7.26,4.967
Cotton,East,Clay,695.15,25.13,53.13,7.52,124.96,87.76,126.89,3.38,6.446
Cotton,Central,Black,666.38,27.62,65.13,6.68,57.49,62.25,44.5,5.07,3.169
Cotton,North,Sandy,672.8,26.6,91.05,7.3,121.87,37.29,101.38,5.74,3.819
Cotton,Central,Clay,565.31,26.6,87.95,6.45,87.58,101.5,96.96,5.53,5.495
Cotton,West,Loamy,903.95,26.93,83.89,6.7,101.54,59.02,132.28,4.38,4.904
Cotton,East,Clay,713.29,27.12,59.93,5.74,105.73,36.89,65.63,7.29,2.137
Cotton,North,Alluvial,858.72,32.91,53.99,6.92,42.48,114.59,75.58,5.8,3.713
Cotton,Central,Sandy,803.06,31.14,64.97,6.74,128.78,35.54,81.99,9.04,1.283
Cotton,South,Clay,553.1,32.94,93.78,7.48,97.28,69.31,126.33,1.66,5.55
Cotton,Central,Black,573.5,34.36,80.87,6.58,138.23,85.98,93.94,7.51,6.128
Cotton,North,Clay,680.07,27.02,88.53,6.73,126.0,101.24,38.08,7.42,4.253
Cotton,East,Sandy,471.6,30.21,85.03,5.97,64.26,68.52,44.97,2.34,3.056
Cotton,East,Loamy,901.03,30.34,76.53,6.16,108.68,84.28,37.98,3.77,2.647
Cotton,North,Clay,538.93,27.9,52.97,7.05,100.39,104.68,37.55,5.89,5.288
Cotton,South,Black,572.05,32.24,65.41,6.97,107.62,48.02,57.57,6.17,4.259
Cotton,North,Alluvial,943.99,29.33,76.37,7.27,48.34,98.25,95.33,9.36,1.128
Cotton,East,Sandy,798.65,35.02,66.62,6.81,92.86,76.18,34.37,0.9,2.03
Cotton,East,Clay,897.58,25.04,59.8,6.42,130.66,45.64,69.55,5.33,2.644
Cotton,South,Black,668.09,34.47,56.41,7.24,41.42,100.36,82.87,1.12,5.555
Cotton,North,Clay,662.36,27.04,60.22,6.88,164.05,36.85,123.05,2.62,6.147
Cotton,East,Loamy,663.45,30.26,93.73,6.57,97.64,72.81,113.06,2.94,5.228
Cotton,East,Clay,485.45,32.09,81.46,6.5,96.19,98.09,114.0,5.08,6.777
Cotton,North,Sandy,512.62,29.18,72.15,6.38,92.72,84.02,68.14,2.38,4.82
Cotton,West,Black,375.0,31.42,91.28,7.25,76.81,114.86,129.6,5.35,7.199
Cotton,Central,Loamy,613.62,33.25,68.2,7.05,49.09,104.1,88.62,7.52,4.71
Cotton,East,Black,809.74,33.57,76.81,7.86,49.36,39.64,60.92,4.08,3.294
Cotton,West,Sandy,868.78,31.71,76.72,6.78,95.06,104.04,118.89,5.12,4.447
Cotton,North,Clay,493.71,34.02,67.98,6.3,40.46,80.86,108.21,1.81,4.909
Cotton,West,Sandy,673.85,33.29,63.9,6.38,81.46,107.69,109.04,9.79,2.993
Cotton,East,Clay,531.4,29.7,87.88,6.34,58.88,70.61,59.55,9.02,2.121
Cotton,East,Alluvial,900.26,27.68,63.69,5.81,128.62,97.95,94.28,6.37,2.779
Cotton,South,Loamy,809.47,24.64,77.83,6.55,106.17,49.08,144.04,7.75,3.852
Cotton,North,Loamy,372.59,34.79,89.67,6.57,102.59,22.43,132.02,8.28,4.467
Cotton,Central,Black,609.31,29.86,69.78,7.27,118.35,46.76,106.93,4.43,6.114
Cotton,North,Loamy,818.26,31.73,69.94,6.54,160.25,87.51,84.11,7.62,4.087
Cotton,West,Sandy,672.73,27.83,71.74,6.79,67.16,59.86,144.68,7.49,4.323
Cotton,West,Sandy,724.81,35.58,79.06,6.5,98.4,34.27,116.43,6.8,3.542
Cotton,North,Black,534.02,25.48,67.57,7.04,82.5,66.1,83.16,2.48,4.747
Cotton,North,Black,676.03,28.58,66.63,6.82,103.23,84.28,90.5,3.77,5.486
Cotton,North,Clay,805.66,33.11,72.12,6.76,166.46,90.55,130.1,2.46,4.723
Cotton,Central,Black,727.58,30.35,58.51,7.17,50.7,28.41,123.95,7.39,2.272
Cotton,East,Sandy,665.74,26.57,60.2,6.9,60.71,28.72,109.91,7.05,2.799
Cotton,North,Clay,705.79,30.76,77.03,7.03,92.94,23.79,73.1,9.25,1.879
Cotton,Central,Clay,674.67,30.2,80.36,6.48,104.1,62.15,135.54,4.19,6.475
Cotton,South,Sandy,871.36,28.66,55.15,6.28,87.3,94.26,57.25,9.53,1.1
Cotton,South,Clay,622.39,35.44,58.76,6.74,90.23,63.56,56.84,8.21,1.665
Cotton,East,Sandy,711.0,29.67,68.25,6.77,164.69,113.79,107.88,3.15,4.776
Cotton,West,Clay,846.03,30.39,82.56,6.68,107.73,104.92,103.55,1.79,3.637
Cotton,West,Sandy,730.7,35.34,67.24,5.94,75.08,61.52,142.7,3.56,5.27
Cotton,Central,Loamy,598.51,26.46,76.93,6.05,110.16,88.49,95.06,7.07,4.812
Cotton,West,Clay,786.77,31.66,62.97,7.57,105.84,64.57,110.42,1.4,4.862
Cotton,South,Alluvial,679.92,28.01,87.97,5.63,150.98,57.58,68.21,4.71,5.036
Cotton,South,Black,546.96,25.97,49.09,6.52,107.54,109.87,55.06,4.9,6.649
Cotton,Central,Alluvial,419.39,28.2,79.12,7.36,66.6,81.68,130.21,3.32,6.44
Cotton,Central,Loamy,815.59,29.37,75.56,6.49,59.75,67.13,76.1,2.38,2.24
Cotton,East,Black,810.82,30.54,82.58,6.69,92.62,40.34,63.17,7.72,2.509
Cotton,South,Clay,905.07,29.38,55.29,6.28,66.14,38.43,128.92,1.74,3.697
Cotton,Central,Clay,624.54,22.98,62.85,7.05,105.57,65.7,90.16,2.42,5.484
Cotton,West,Clay,680.45,29.82,80.2,6.52,168.18,57.17,74.84,5.14,6.17
Cotton,South,Loamy,810.54,30.85,83.18,7.26,88.92,39.48,36.27,8.03,2.282
Cotton,East,Black,795.9,27.71,50.41,7.25,108.66,53.82,111.32,2.78,5.653
Cotton,Central,Black,609.14,29.95,83.68,7.12,137.76,60.38,81.05,2.65,6.012
Cotton,South,Sandy,635.83,25.82,73.89,6.56,57.01,91.95,78.65,2.17,4.155
Cotton,South,Sandy,702.95,31.03,73.74,6.82,159.86,86.14,125.24,4.6,6.303
Cotton,West,Sandy,800.23,30.52,88.06,6.59,147.52,107.3,44.45,4.61,5.155
Cotton,East,Sandy,691.14,29.71,72.54,6.5,69.97,79.39,48.21,7.87,1.484
Cotton,East,Black,736.09,25.06,80.34,6.73,125.01,56.42,81.95,6.63,4.389
Cotton,West,Loamy,555.45,32.73,58.15,6.22,76.2,76.68,91.41,1.19,5.173
Cotton,North,Black,607.5,30.02,73.13,6.27,154.52,77.0,118.27,1.84,6.535
Cotton,Central,Alluvial,422.3,25.44,73.3,6.56,99.88,87.19,120.94,8.84,5.455
Cotton,Central,Sandy,667.09,29.49,67.6,6.05,66.51,20.45,112.55,2.52,3.664
Cotton,South,Alluvial,620.72,31.71,72.82,7.73,90.72,58.6,56.84,7.58,2.224
Cotton,West,Alluvial,818.23,34.56,81.01,6.36,122.13,75.24,138.13,4.02,6.066
Cotton,Central,Alluvial,563.3,27.82,89.95,6.79,61.0,85.99,109.1,4.09,5.136
Cotton,North,Loamy,562.69,27.21,73.33,6.79,41.16,97.44,129.55,1.59,6.155
Cotton,South,Black,626.59,29.21,87.27,5.85,35.85,106.37,107.19,4.83,5.764
Cotton,Central,Sandy,438.01,36.01,89.57,6.68,158.88,38.73,73.81,7.73,5.593
Cotton,Central,Sandy,847.56,27.16,68.61,6.98,153.1,43.35,132.86,8.03,2.418
Cotton,Central,Black,687.05,29.18,53.42,7.34,164.93,45.18,137.59,4.76,5.144
Cotton,East,Sandy,798.44,24.22,61.16,7.02,70.54,36.62,94.79,3.63,3.425
Cotton,South,Sandy,393.86,27.32,76.22,7.02,91.62,36.65,66.14,0.94,5.019
Cotton,West,Clay,502.32,29.2,55.52,8.12,98.53,26.01,53.94,7.61,3.431
Cotton,North,Clay,629.06,26.2,90.52,7.13,79.93,112.12,120.83,7.1,5.275
Cotton,Central,Clay,426.64,25.08,63.05,5.93,166.27,72.8,67.6,6.65,5.667
Cotton,East,Black,614.05,25.93,80.94,6.6,48.48,71.67,47.91,3.34,3.392
Cotton,East,Loamy,567.68,31.62,92.84,6.24,89.07,71.12,123.25,5.5,6.497
Cotton,Central,Alluvial,625.44,30.8,57.8,7.11,40.48,58.32,95.04,1.83,4.244
Cotton,Central,Black,680.89,29.72,91.68,6.59,154.27,93.22,44.25,4.29,5.029
Cotton,South,Sandy,1175.73,31.15,53.48,6.79,41.87,57.83,78.64,6.92,1.1
Cotton,South,Black,660.12,30.34,57.91,7.16,118.74,104.74,39.62,3.21,6.509
Cotton,Central,Black,636.93,29.8,50.59,6.93,42.82,66.76,123.68,0.82,5.193
Cotton,East,Loamy,490.42,31.49,81.84,6.59,80.64,78.75,81.79,9.16,3.469
Cotton,Central,Loamy,473.77,26.35,70.19,6.14,115.95,114.86,63.72,5.25,7.249
Cotton,South,Alluvial,823.57,27.97,77.68,7.05,52.12,94.72,93.71,1.59,3.263
Cotton,South,Clay,787.25,29.75,49.74,6.71,44.64,109.6,44.11,8.05,2.229
Cotton,Central,Sandy,639.67,25.34,59.94,7.24,138.22,56.1,37.98,3.29,3.944
Cotton,West,Loamy,402.27,33.29,65.93,7.1,155.16,86.44,38.13,3.38,7.158
Cotton,West,Black,662.15,29.86,55.59,6.6,65.12,81.06,126.95,7.67,3.585
Cotton,Central,Alluvial,660.37,27.97,62.31,6.39,64.31,24.56,129.27,6.8,3.041
Cotton,East,Sandy,351.08,30.33,54.63,6.57,157.15,95.64,138.92,4.25,7.554
Cotton,Central,Clay,621.34,31.93,91.86,8.22,157.61,65.47,105.27,8.97,4.739
Cotton,West,Loamy,955.04,25.95,61.06,6.36,57.15,42.83,50.66,1.76,2.405
Cotton,East,Alluvial,776.17,25.25,82.32,6.61,105.25,30.39,56.31,3.89,3.376
Cotton,East,Sandy,696.62,31.57,88.23,7.01,140.16,36.92,85.08,8.31,3.162
Cotton,North,Clay,961.22,28.02,89.1,6.34,120.05,70.96,60.32,2.46,1.28
Cotton,East,Clay,930.67,31.94,83.54,6.09,146.71,85.08,122.55,9.5,3.044
Cotton,North,Clay,864.27,27.63,83.78,6.78,114.18,26.65,113.61,3.85,2.308
Cotton,West,Black,645.55,35.31,77.48,6.58,60.02,95.8,98.72,7.69,4.018
Cotton,Central,Sandy,950.94,28.51,69.34,6.31,73.53,47.7,121.47,8.16,1.171
Cotton,East,Alluvial,519.66,28.89,80.44,6.16,135.93,55.23,60.58,1.2,4.509
Cotton,East,Black,787.29,29.3,72.34,6.88,47.78,48.36,129.81,4.18,4.084
Cotton,South,Clay,925.62,34.27,73.04,6.89,63.02,28.97,38.43,1.89,4.02
Cotton,West,Clay,949.43,32.99,90.11,5.85,120.57,102.79,117.34,4.56,3.385
Cotton,West,Black,525.34,27.05,61.19,6.94,116.85,84.41,57.54,4.39,5.596
Cotton,Central,Black,592.06,25.85,63.61,7.03,125.93,62.82,53.68,5.39,4.263
Cotton,West,Loamy,797.0,33.21,63.85,6.4,89.61,55.11,37.22,2.71,2.559
Cotton,Central,Sandy,722.49,27.21,92.9,7.17,107.78,83.24,66.52,4.1,2.866
Cotton,West,Black,557.39,26.71,68.55,7.25,111.5,25.65,106.24,5.43,4.143
Cotton,West,Black,604.09,25.79,93.16,6.81,111.75,85.45,72.75,4.39,4.421
Cotton,East,Clay,703.14,35.19,87.71,6.69,97.05,30.76,113.82,5.59,4.167
Cotton,East,Black,798.79,27.44,53.05,6.88,127.78,35.03,110.5,1.28,4.413
Cotton,North,Loamy,828.1,25.89,68.72,7.58,65.47,86.48,73.1,4.98,2.108
Cotton,East,Clay,583.06,31.39,90.83,6.67,120.41,22.41,136.05,6.3,4.958
Cotton,Central,Alluvial,770.89,26.35,86.19,6.73,85.97,85.71,91.68,9.33,1.955
Cotton,North,Loamy,844.63,28.6,89.76,7.61,46.86,66.46,79.61,1.45,1.1
Cotton,West,Black,711.12,31.59,83.46,6.71,76.4,109.54,60.29,3.4,5.179
Cotton,West,Alluvial,924.01,24.83,65.71,6.75,43.76,54.08,102.19,2.07,1.694
Cotton,North,Alluvial,755.92,27.21,50.52,6.96,73.6,74.15,104.81,3.37,4.385
Cotton,Central,Sandy,579.12,33.0,53.02,6.79,159.57,38.3,92.86,2.5,6.419
Cotton,West,Loamy,667.84,33.99,83.85,7.48,96.47,71.3,69.12,3.39,2.973
Cotton,Central,Black,746.71,28.8,82.38,6.53,70.85,87.73,86.05,3.59,3.728
Cotton,West,Loamy,733.59,27.82,58.87,7.55,42.31,75.77,112.31,3.87,3.087
Cotton,West,Alluvial,491.75,26.55,52.09,6.05,141.59,89.25,107.61,1.95,7.936
Cotton,West,Clay,641.13,28.94,83.23,7.26,71.05,33.81,139.45,6.38,4.355
Cotton,Central,Alluvial,661.8,32.88,91.53,7.16,109.97,83.9,102.73,6.77,5.731
Cotton,South,Alluvial,657.37,25.36,65.18,6.77,132.45,39.99,122.33,1.46,5.367
Cotton,South,Sandy,789.15,29.32,90.06,6.96,143.13,74.26,56.9,6.99,3.627
Cotton,West,Clay,898.36,34.32,81.0,6.82,127.18,54.01,58.13,5.54,3.412
Cotton,South,Loamy,572.58,27.35,56.53,6.67,51.16,22.05,129.57,6.06,4.367
Cotton,Central,Black,593.49,27.98,48.53,6.16,121.72,110.78,37.34,7.89,4.846
Cotton,South,Alluvial,532.82,20.73,61.46,5.65,156.3,65.17,63.65,5.08,5.515
Cotton,South,Black,404.9,24.75,63.45,6.0,69.52,54.05,127.04,6.64,5.338
Cotton,West,Loamy,965.33,31.35,70.54,6.55,37.12,41.9,78.89,9.63,1.1
Cotton,South,Black,683.28,34.88,93.92,6.49,94.1,85.49,83.96,3.77,4.001
Cotton,South,Black,495.4,30.09,77.22,7.05,76.52,50.56,95.48,2.76,5.818
Cotton,North,Alluvial,572.14,31.4,79.72,6.38,46.27,107.22,64.13,4.5,5.674
Cotton,East,Sandy,415.74,22.62,56.84,6.85,158.21,41.79,35.67,1.75,5.846
Cotton,East,Loamy,903.63,31.71,88.92,6.48,105.47,80.64,123.01,1.62,4.635
Cotton,North,Black,820.2,28.08,91.78,6.6,146.56,36.29,41.03,5.26,3.132
Cotton,South,Clay,665.37,34.49,74.7,7.3,79.74,34.62,104.95,1.8,3.769
Cotton,West,Alluvial,662.33,32.5,78.09,6.38,43.17,104.71,110.46,8.96,3.784
Cotton,Central,Loamy,684.12,24.03,49.84,7.51,149.35,55.49,52.64,4.77,3.918
Sugarcane,East,Sandy,1337.83,32.22,57.56,6.49,154.97,57.93,50.59,4.54,9.959
Sugarcane,South,Black,1286.7,29.98,67.17,6.41,64.95,113.94,128.5,4.59,11.263
Sugarcane,South,Alluvial,1227.22,26.02,71.53,6.37,166.37,35.48,133.12,7.6,8.294
Sugarcane,West,Clay,1340.72,28.15,66.0,5.44,67.74,100.2,104.91,9.08,6.667
Sugarcane,East,Clay,1075.99,24.22,88.67,6.23,120.6,71.6,50.5,5.47,6.313
Sugarcane,East,Sandy,1399.6,31.28,59.01,6.66,138.36,37.03,67.77,9.55,7.848
Sugarcane,South,Alluvial,1353.67,28.82,67.77,6.61,161.31,108.14,92.56,7.76,9.052
Sugarcane,South,Alluvial,1008.35,24.73,82.21,7.19,86.41,37.47,132.19,6.77,7.388
Sugarcane,East,Clay,1481.36,32.71,50.74,6.51,58.25,90.52,59.3,9.68,8.389
Sugarcane,East,Sandy,1344.48,25.06,77.6,6.3,146.87,107.49,90.14,2.48,8.893
Sugarcane,North,Clay,1243.01,39.85,62.59,6.4,39.67,94.59,119.2,3.57,10.689
Sugarcane,North,Black,1510.32,26.75,83.14,6.77,121.52,21.08,142.83,7.08,10.129
Sugarcane,South,Sandy,1437.1,27.5,77.28,6.81,141.95,19.33,50.67,1.43,8.621
Sugarcane,Central,Clay,970.14,28.84,50.6,7.07,56.56,113.79,84.26,2.18,9.705
Sugarcane,North,Sandy,1259.78,28.31,48.98,7.01,116.65,28.17,129.29,7.15,5.799
Sugarcane,South,Alluvial,1287.61,25.29,80.99,6.62,102.04,18.48,69.21,6.21,7.935
Sugarcane,East,Sandy,1303.04,34.18,79.46,6.62,89.04,22.7,40.35,6.67,10.66
Sugarcane,North,Loamy,1110.8,25.26,86.55,6.04,56.8,40.91,38.04,1.8,6.326
Sugarcane,West,Alluvial,1202.57,34.84,86.1,6.39,147.59,36.63,97.0,2.58,9.709
Sugarcane,North,Sandy,1281.32,32.82,48.35,7.31,151.8,101.77,36.59,1.01,10.23
Sugarcane,South,Sandy,1264.06,29.08,57.85,6.61,76.91,113.93,56.79,9.3,7.68
Sugarcane,South,Clay,1147.66,28.4,50.23,6.27,123.82,85.39,49.17,9.63,5.863
Sugarcane,Central,Alluvial,902.17,28.93,81.64,6.85,103.43,42.63,133.59,5.44,9.286
Sugarcane,Central,Sandy,1103.12,27.48,71.67,6.83,52.72,35.1,56.52,1.66,7.369
Sugarcane,West,Alluvial,1205.26,33.74,91.8,6.81,51.74,68.66,45.33,9.56,6.749
Sugarcane,North,Black,1358.61,26.39,72.23,6.66,43.19,108.89,51.35,6.16,8.506
Sugarcane,South,Sandy,1564.68,36.61,55.8,6.51,146.81,41.55,29.66,3.76,11.386
Sugarcane,Central,Clay,1166.91,31.12,88.44,6.48,149.24,88.86,57.49,3.03,9.262
Sugarcane,North,Sandy,1151.79,34.82,66.66,6.56,148.44,31.22,49.36,4.07,8.993
Sugarcane,East,Clay,1365.31,38.34,80.97,6.44,69.22,76.74,58.28,8.58,7.939
Sugarcane,West,Clay,1415.91,37.48,90.57,7.31,108.89,109.83,31.49,8.36,10.37
Sugarcane,Central,Alluvial,1327.89,31.64,93.78,6.92,57.46,104.91,93.33,4.79,11.19
Sugarcane,North,Loamy,1256.54,30.2,48.39,6.39,137.48,55.82,38.87,8.77,5.931
Sugarcane,North,Black,1431.5,28.03,80.77,6.98,112.71,108.88,38.3,4.39,11.278
Sugarcane,South,Loamy,1176.37,32.89,88.63,6.97,93.79,58.12,138.84,2.62,10.619
Sugarcane,South,Clay,1328.02,33.12,67.21,6.13,39.77,51.17,87.45,1.29,8.652
Sugarcane,West,Black,1025.41,23.56,87.56,6.41,43.04,73.89,126.59,3.79,6.66
Sugarcane,South,Black,1271.95,26.15,69.53,6.9,112.45,86.92,133.55,1.48,10.133
Sugarcane,East,Black,1355.94,23.46,60.51,5.76,46.65,31.67,89.87,5.89,6.696
Sugarcane,North,Black,1470.5,25.66,90.59,6.89,123.14,20.64,67.89,6.95,8.672
Sugarcane,North,Loamy,1440.67,35.47,78.46,6.42,121.39,108.19,57.06,9.77,10.643
Sugarcane,Central,Clay,1288.08,32.64,80.73,6.77,67.14,31.88,52.39,2.83,9.856
Sugarcane,West,Loamy,1279.23,35.65,59.03,6.45,57.85,22.96,38.58,0.84,11.439
Sugarcane,East,Loamy,1219.06,32.68,82.86,6.46,108.32,75.47,89.36,3.92,10.449
Sugarcane,South,Clay,1086.22,29.99,65.92,6.77,47.38,64.66,116.05,6.9,6.32
Sugarcane,Central,Sandy,1148.85,31.28,49.96,6.35,74.27,26.11,49.06,8.82,6.615
Sugarcane,West,Clay,1447.99,24.97,59.41,6.64,66.96,76.04,137.57,4.99,9.544
Sugarcane,West,Loamy,1586.96,28.66,90.64,6.41,41.49,20.09,136.0,5.69,11.371
Sugarcane,South,Clay,1180.17,27.33,84.65,6.23,135.15,111.83,124.93,4.76,8.734
Sugarcane,South,Black,1388.96,28.51,58.69,5.45,117.77,102.58,50.96,5.37,9.36
Sugarcane,South,Alluvial,1157.07,33.14,61.89,6.41,100.86,66.96,100.88,7.17,8.618
Sugarcane,West,Sandy,1088.3,34.39,73.34,6.7,98.03,42.85,121.97,7.19,8.24
Sugarcane,North,Sandy,1332.97,31.72,75.2,6.57,45.72,74.79,99.89,4.67,8.921
Sugarcane,East,Sandy,1170.45,35.85,79.3,6.03,161.6,46.66,143.64,0.87,9.52
Sugarcane,West,Alluvial,1334.74,32.73,52.56,6.67,131.95,106.85,97.13,2.11,11.286
Sugarcane,West,Clay,1302.81,30.14,84.19,7.17,126.01,100.02,144.98,4.21,10.31
Sugarcane,East,Loamy,1262.14,29.89,78.08,7.12,41.49,21.28,119.84,2.47,8.621
Sugarcane,West,Alluvial,1112.1,26.23,61.24,6.09,98.22,56.44,108.21,8.66,6.149
Sugarcane,South,Alluvial,1384.28,29.79,78.96,6.56,81.1,109.74,62.46,3.58,11.788
Sugarcane,South,Loamy,1267.44,27.24,85.87,6.56,43.53,50.47,56.22,8.53,6.899
Sugarcane,West,Alluvial,1096.43,30.76,63.61,6.97,163.4,112.25,137.01,1.68,8.516
Sugarcane,West,Clay,1309.5,28.75,51.0,6.55,134.92,87.12,143.65,1.25,10.792
Sugarcane,South,Clay,1366.64,36.91,54.77,5.94,116.55,64.2,111.16,5.44,11.457
Sugarcane,East,Loamy,1343.33,33.47,61.6,6.17,153.18,62.55,43.49,6.94,8.759
Sugarcane,West,Alluvial,988.85,28.51,63.23,7.23,48.14,86.49,32.18,3.96,7.092
Sugarcane,Central,Clay,1179.58,30.27,86.76,6.47,122.04,73.96,51.65,3.6,8.054
Sugarcane,North,Alluvial,1431.41,22.84,63.65,6.8,167.4,105.91,50.5,5.31,9.384
Sugarcane,Central,Clay,1181.61,30.44,85.17,6.76,78.08,64.37,50.74,8.06,6.285
Sugarcane,South,Alluvial,1255.16,37.42,85.37,6.51,134.67,46.05,108.29,1.56,10.707
Sugarcane,North,Black,1247.36,25.01,73.55,6.98,86.52,36.04,75.67,9.02,5.083
Sugarcane,North,Black,793.81,25.44,66.6,6.75,116.79,107.65,86.13,5.87,9.176
Sugarcane,Central,Black,1038.21,25.4,57.72,6.9,123.41,21.89,124.45,1.63,7.405
Sugarcane,North,Clay,1162.84,29.06,72.46,6.48,102.2,79.8,132.61,7.01,9.405
Sugarcane,South,Clay,1120.45,27.83,59.7,6.81,144.12,38.64,107.29,8.61,5.928
Sugarcane,Central,Clay,1298.84,29.76,77.16,7.0,95.84,76.19,131.91,8.78,9.245
Sugarcane,East,Sandy,1172.82,30.51,86.76,6.39,149.68,83.44,88.44,7.54,10.075
Sugarcane,Central,Clay,1297.18,34.33,50.14,6.9,114.01,95.57,56.71,4.07,9.62
Sugarcane,Central,Black,1379.14,28.69,89.04,6.23,56.32,79.86,63.15,9.75,6.915
Sugarcane,West,Alluvial,1341.85,30.09,82.36,6.45,97.09,29.29,144.98,1.7,9.164
Sugarcane,South,Alluvial,1453.67,26.04,59.95,6.47,102.66,57.15,65.45,1.6,9.176
Sugarcane,South,Black,1100.42,22.19,63.34,7.38,125.85,95.96,57.69,3.77,7.754
Sugarcane,East,Sandy,1430.67,30.44,69.14,7.13,73.32,63.9,116.37,4.35,10.56
Sugarcane,East,Sandy,1483.19,31.53,74.67,5.74,120.83,39.98,53.78,8.47,8.606
Sugarcane,Central,Clay,1157.92,34.38,88.98,6.56,139.38,43.33,131.85,0.84,8.928
Sugarcane,South,Alluvial,1319.43,28.83,71.6,6.19,137.29,32.78,36.39,7.36,7.972
Sugarcane,Central,Clay,1343.49,30.64,87.86,6.98,62.05,36.6,93.68,9.04,8.115
Sugarcane,Central,Sandy,1354.25,32.18,92.4,7.08,115.76,94.71,103.91,8.97,10.029
Sugarcane,West,Alluvial,1174.05,33.76,72.15,6.81,89.09,58.08,89.13,5.26,9.19
Sugarcane,East,Loamy,1312.04,29.93,78.59,6.65,69.64,68.57,41.1,1.45,7.766
Sugarcane,West,Sandy,1089.52,33.65,54.99,6.22,51.17,67.23,64.94,8.74,4.4
Sugarcane,West,Loamy,1169.96,28.5,73.87,6.54,122.68,76.33,134.32,7.79,9.334
Sugarcane,Central,Clay,1052.34,27.28,62.29,6.95,65.03,112.06,53.89,8.86,6.128
Sugarcane,East,Sandy,1339.86,34.79,62.83,7.12,48.64,48.07,41.08,5.24,8.996
Sugarcane,Central,Sandy,1157.79,35.29,68.46,6.79,69.92,98.51,31.46,2.92,8.819
Sugarcane,North,Black,1460.83,29.2,86.7,6.7,156.5,20.01,110.01,7.94,9.868
Sugarcane,West,Sandy,1121.95,30.54,55.33,7.0,105.85,36.2,90.06,1.51,8.028
Sugarcane,East,Sandy,1212.62,28.75,72.06,7.12,63.54,108.35,135.44,9.48,7.153
Sugarcane,East,Sandy,1671.52,34.48,79.84,6.74,49.25,51.74,137.65,7.9,11.165
Sugarcane,East,Loamy,1269.06,30.03,73.06,6.36,159.12,81.79,144.49,6.56,9.434
Sugarcane,Central,Black,1394.56,33.36,89.25,5.9,97.06,52.74,29.37,2.77,8.715
Sugarcane,South,Alluvial,1307.65,31.13,82.76,7.2,147.14,38.34,127.4,4.23,10.527
Sugarcane,Central,Clay,1292.85,22.79,93.72,6.43,137.98,112.64,76.9,6.18,8.805
Sugarcane,North,Black,1366.34,23.16,67.54,5.76,37.59,103.99,119.59,2.53,9.031
Sugarcane,South,Black,1045.43,27.89,60.71,6.32,68.83,66.76,54.04,8.79,4.44
Sugarcane,North,Sandy,1198.3,34.64,67.56,6.35,117.76,77.31,50.19,5.9,7.913
Sugarcane,West,Loamy,1106.8,27.66,82.49,5.82,85.32,71.85,113.85,6.07,8.472
Sugarcane,Central,Black,1323.82,29.2,50.35,5.69,72.73,110.76,53.46,8.77,7.097
Sugarcane,North,Sandy,1022.65,29.52,78.51,6.45,84.05,68.55,101.66,9.14,6.257
Sugarcane,South,Sandy,1460.24,31.43,71.1,6.5,101.7,43.16,87.52,8.98,9.072
Sugarcane,North,Black,1159.22,29.09,58.46,7.05,74.56,53.38,54.39,3.07,6.952
Sugarcane,South,Black,1533.96,29.66,64.54,7.45,155.14,27.21,129.69,5.76,11.322
Sugarcane,East,Black,1260.17,26.59,83.81,6.43,151.26,41.11,143.36,2.0,8.998
Sugarcane,Central,Alluvial,1343.05,33.05,78.74,6.46,41.12,98.48,111.5,2.95,11.422
Sugarcane,Central,Clay,1144.49,35.1,70.0,7.27,62.13,79.41,47.15,9.27,4.983
Sugarcane,Central,Clay,1208.18,26.22,93.97,6.34,50.9,63.6,41.71,7.38,6.408
Sugarcane,West,Clay,914.78,29.96,68.65,6.15,92.15,79.21,96.97,3.59,8.655
Sugarcane,East,Loamy,1401.36,32.37,81.8,7.63,118.02,81.27,50.5,2.63,9.611
Sugarcane,South,Clay,1572.04,31.1,57.2,7.04,47.85,99.56,126.77,3.37,12.5
Sugarcane,South,Sandy,978.14,30.02,49.74,6.43,86.03,34.0,37.48,5.61,7.191
Sugarcane,East,Clay,1572.03,26.48,81.41,5.85,79.89,63.49,92.08,4.59,9.942
Sugarcane,West,Sandy,1565.37,22.07,81.85,6.74,45.04,39.6,86.48,7.68,7.206
Sugarcane,Central,Black,1242.72,31.63,70.18,6.06,157.26,70.21,118.54,7.34,9.942
Sugarcane,Central,Sandy,867.03,33.59,84.69,5.31,55.09,92.63,92.36,3.69,7.724
Sugarcane,South,Alluvial,1215.12,24.05,48.14,6.68,128.13,48.89,32.38,2.25,7.241
Sugarcane,East,Loamy,1563.81,28.1,91.76,5.97,43.32,59.4,96.04,9.74,8.004
Sugarcane,North,Loamy,1230.88,29.6,92.71,6.71,120.62,37.96,82.03,4.61,9.372
Sugarcane,South,Alluvial,1211.1,31.27,80.55,7.05,88.93,67.88,44.87,7.45,6.755
Sugarcane,North,Black,1368.08,37.19,64.03,6.33,142.34,59.88,107.08,5.34,12.439
Sugarcane,West,Clay,1292.79,29.55,91.24,6.06,162.76,35.08,32.59,1.51,7.796
Sugarcane,South,Black,1048.55,32.83,78.72,6.46,55.09,64.43,43.11,7.77,6.372
Sugarcane,West,Black,1494.42,36.92,50.42,6.2,115.54,107.74,54.54,9.74,10.465
Sugarcane,Central,Sandy,1306.74,28.02,93.87,6.41,64.34,103.24,93.54,9.7,8.357
Sugarcane,South,Loamy,1241.93,28.41,86.18,6.46,44.35,27.84,53.61,7.68,9.395
Sugarcane,East,Black,987.94,36.57,54.97,6.57,70.19,89.39,125.65,7.49,7.585
Sugarcane,East,Alluvial,1152.26,33.36,85.42,7.06,79.12,102.05,130.96,8.18,9.305
Sugarcane,West,Alluvial,1229.97,30.44,81.1,6.32,101.17,97.85,52.5,2.12,9.034
Sugarcane,East,Alluvial,1022.45,35.83,59.61,6.32,97.32,29.18,140.93,5.8,7.946
Sugarcane,Central,Clay,947.54,31.84,70.48,6.44,163.5,40.24,86.96,4.71,9.325
Sugarcane,North,Clay,1335.44,29.84,63.64,6.64,138.51,80.68,139.45,7.18,9.797
Sugarcane,South,Alluvial,1346.5,32.96,69.58,6.29,45.85,74.53,103.89,3.03,9.953
Sugarcane,North,Alluvial,1323.42,28.67,61.4,6.85,131.55,44.26,50.73,4.41,8.715
Sugarcane,Central,Alluvial,1204.44,30.58,79.12,6.13,86.07,44.67,44.43,6.65,7.848
Sugarcane,Central,Sandy,1003.02,32.95,71.12,6.69,110.41,82.63,102.13,7.51,8.412
Sugarcane,East,Black,1283.71,25.9,59.7,6.95,149.37,110.23,123.54,8.21,6.619
Sugarcane,Central,Black,1264.06,33.43,87.63,6.42,109.13,19.73,41.02,2.6,10.041
Sugarcane,Central,Loamy,1140.21,33.39,78.48,6.51,101.11,26.09,113.03,7.79,7.724
Sugarcane,Central,Loamy,1203.94,25.93,93.83,6.54,77.97,23.53,55.27,8.64,7.78
Sugarcane,Central,Loamy,1285.56,27.02,82.6,6.19,84.57,88.57,31.9,7.59,7.333
Sugarcane,South,Clay,1228.07,28.32,89.99,6.53,42.16,68.93,107.6,9.67,6.17
Sugarcane,North,Clay,1114.22,26.61,75.45,5.92,35.33,66.39,37.22,8.24,4.695
Sugarcane,North,Sandy,1360.93,29.88,75.94,6.91,130.87,23.38,117.18,7.23,8.045
Sugarcane,Central,Sandy,1354.32,30.44,48.92,6.55,140.52,89.88,78.51,9.57,8.282
Sugarcane,West,Loamy,1163.35,37.01,63.41,6.44,37.91,74.37,85.77,2.31,8.079
Sugarcane,West,Black,779.7,32.12,80.51,6.44,58.32,24.79,61.09,8.41,8.319
Sugarcane,East,Loamy,1117.99,24.87,57.52,6.56,115.77,104.3,97.16,3.2,9.229
Sugarcane,South,Clay,1105.08,28.65,52.78,5.8,164.83,108.87,132.65,1.03,8.492
Sugarcane,West,Black,1079.54,28.65,65.07,6.63,159.92,37.52,86.11,6.54,7.35
Sugarcane,West,Clay,1357.37,29.49,76.33,7.67,120.94,48.74,40.36,5.04,7.997
Sugarcane,South,Black,1267.95,29.47,78.53,6.1,121.93,47.26,53.36,6.38,8.443
Sugarcane,West,Sandy,1157.89,27.51,75.13,6.95,166.48,73.79,67.88,6.41,8.755
Sugarcane,South,Black,992.23,31.25,60.19,6.87,57.44,88.08,130.39,9.08,6.868
Sugarcane,Central,Black,919.62,31.11,53.94,6.4,150.84,104.29,84.85,4.98,9.071
Sugarcane,West,Clay,1228.12,32.29,90.27,6.68,133.48,99.08,106.25,1.78,9.639
Sugarcane,North,Black,1127.96,31.03,72.64,5.44,104.38,59.61,120.3,2.94,9.631
Sugarcane,North,Sandy,1336.66,33.03,79.85,6.79,118.76,91.21,144.5,8.34,10.577
Sugarcane,South,Alluvial,1156.78,38.69,55.28,6.29,156.19,108.97,32.69,6.2,10.05
Sugarcane,East,Sandy,976.13,27.53,78.02,7.04,145.26,37.64,74.07,9.64,5.472
Sugarcane,West,Alluvial,1039.14,29.23,87.09,5.57,130.18,56.93,99.96,3.5,9.057
Sugarcane,North,Clay,1208.16,30.6,61.75,7.16,61.72,34.09,69.33,4.85,7.624
Sugarcane,South,Loamy,1294.7,28.58,72.81,6.41,50.69,65.92,127.2,0.95,8.726
Sugarcane,South,Loamy,1550.57,33.42,78.85,6.55,58.35,65.39,113.4,6.21,12.002
Sugarcane,North,Loamy,1203.05,27.7,66.4,6.62,69.63,87.58,132.64,1.57,9.278
Sugarcane,West,Black,1218.47,26.13,60.47,7.31,116.17,111.05,116.33,1.03,8.111
Sugarcane,Central,Loamy,1334.74,25.7,70.22,5.62,153.93,22.85,133.37,0.92,8.9
Sugarcane,North,Alluvial,1339.1,34.64,61.31,6.04,119.88,57.26,129.77,5.68,11.403
Sugarcane,South,Loamy,884.79,33.44,74.2,6.56,92.78,50.38,144.29,4.6,10.949
Sugarcane,Central,Black,1396.72,28.0,70.24,6.92,152.3,62.69,94.86,2.77,11.601
Sugarcane,North,Alluvial,1229.22,27.22,51.5,6.56,160.22,39.12,123.59,2.3,9.351
Sugarcane,South,Clay,1369.83,26.54,58.71,6.25,167.13,56.25,123.79,3.7,10.078
Sugarcane,East,Sandy,1127.76,26.42,93.09,6.91,85.43,36.45,77.72,9.67,5.572
Sugarcane,North,Black,1416.67,29.04,91.45,6.97,58.13,108.66,118.05,9.3,10.244
Sugarcane,West,Clay,1238.4,30.02,78.25,5.91,84.49,65.22,44.67,1.84,6.271
Sugarcane,South,Alluvial,921.08,31.95,61.43,6.0,121.76,95.54,82.43,7.21,8.094
Sugarcane,North,Sandy,1277.39,34.03,79.64,5.85,106.96,24.32,47.38,7.49,8.458
Sugarcane,South,Loamy,1234.27,31.61,91.67,6.46,167.72,21.02,74.94,2.94,8.454
Sugarcane,North,Loamy,1041.64,32.96,71.66,7.01,164.94,26.99,102.08,1.09,7.814
Sugarcane,East,Alluvial,1144.23,29.98,48.74,7.09,100.77,63.76,123.51,2.38,10.453
Sugarcane,West,Sandy,1137.43,35.67,52.23,5.8,137.78,92.73,141.42,6.22,8.076
Sugarcane,Central,Sandy,1291.77,32.09,84.25,5.96,129.55,80.15,124.55,5.55,11.836
Sugarcane,Central,Clay,1195.27,25.33,93.38,6.72,96.95,75.67,90.55,3.66,7.55
Sugarcane,Central,Loamy,1246.41,30.71,51.73,6.62,60.92,45.69,93.27,7.07,6.852
Sugarcane,North,Sandy,1369.23,27.34,67.68,6.45,124.88,76.22,97.96,3.29,11.022
Sugarcane,East,Loamy,782.84,32.98,62.71,7.06,134.36,36.56,108.2,2.88,9.661
Sugarcane,East,Black,1157.13,30.7,58.9,6.43,49.12,49.1,69.94,8.54,5.468
Sugarcane,Central,Clay,1065.54,30.89,75.78,6.47,107.25,83.06,135.64,6.32,10.16
Sugarcane,East,Loamy,1306.33,27.69,74.73,6.84,104.58,75.27,120.92,5.51,11.135
Sugarcane,West,Black,1214.01,26.65,74.52,6.42,65.14,112.21,97.09,0.96,9.093
Sugarcane,South,Loamy,1083.78,28.41,93.5,6.64,143.82,113.36,115.28,9.38,7.488
Sugarcane,West,Clay,1082.1,26.64,84.65,6.33,80.54,95.14,97.84,9.45,5.987
Sugarcane,East,Alluvial,1201.28,27.03,84.09,6.05,158.91,111.69,139.12,6.46,8.393
Sugarcane,East,Loamy,1353.42,34.8,87.18,7.28,137.52,56.6,39.66,2.46,9.173
Sugarcane,Central,Alluvial,1240.67,28.7,64.66,6.59,73.54,101.56,132.82,2.5,10.145
Sugarcane,West,Sandy,999.88,35.2,91.51,6.46,119.97,92.38,67.73,5.08,9.088
Sugarcane,North,Loamy,1428.33,35.68,62.2,6.36,130.98,45.69,38.16,6.81,9.148
Sugarcane,East,Clay,1071.47,27.03,65.77,6.43,38.57,56.0,137.54,9.11,4.977
Sugarcane,East,Alluvial,1373.56,33.76,72.6,7.08,100.53,34.13,122.14,4.11,10.848
Sugarcane,South,Clay,1226.06,33.24,82.68,6.54,135.75,18.57,77.88,8.25,7.467
Sugarcane,East,Clay,1159.2,33.82,91.28,6.29,88.44,107.87,86.55,6.15,10.659
Sugarcane,North,Loamy,1359.03,31.37,64.91,6.74,126.03,24.33,81.77,3.57,9.609
Sugarcane,South,Alluvial,1391.03,33.4,62.41,6.25,163.26,58.25,33.13,4.16,10.689
Sugarcane,Central,Black,1433.91,33.43,50.54,6.88,56.21,47.37,33.36,1.48,10.714
Sugarcane,East,Clay,1375.28,35.33,51.46,6.36,148.37,99.8,82.66,7.33,9.626
Sugarcane,West,Alluvial,1310.38,33.53,63.98,6.04,46.2,94.49,105.79,4.65,10.116
Sugarcane,East,Alluvial,1206.67,34.72,70.55,7.07,137.39,104.52,63.05,9.0,8.589
Sugarcane,East,Alluvial,1303.28,32.33,51.83,7.09,41.84,63.07,69.54,7.36,5.92
Sugarcane,North,Clay,1181.55,21.83,61.65,5.89,76.23,100.1,144.58,2.8,7.956
Sugarcane,West,Black,1391.87,34.05,66.1,7.21,168.95,96.6,124.51,4.24,11.545
Sugarcane,North,Sandy,1319.52,30.26,48.48,6.93,110.06,41.8,136.16,1.06,9.75
Sugarcane,West,Black,1306.97,27.69,76.88,6.32,60.16,31.68,130.68,1.19,8.161
Sugarcane,North,Sandy,1259.56,24.22,57.22,6.96,162.5,71.93,129.26,1.31,8.409
Sugarcane,South,Black,1021.58,28.8,65.75,7.34,44.67,104.22,55.26,7.15,6.545
Sugarcane,Central,Black,1273.05,33.61,59.1,6.14,108.42,45.34,42.09,7.07,7.149
Sugarcane,East,Black,1424.34,29.37,60.06,6.31,84.99,89.14,66.79,9.75,7.159
Sugarcane,East,Loamy,1274.58,30.57,72.96,6.24,90.9,57.64,70.51,2.5,8.726
Sugarcane,Central,Black,1605.79,31.72,59.93,6.19,125.9,57.38,96.01,4.47,12.5
Sugarcane,Central,Sandy,1671.21,35.62,67.58,6.08,74.75,94.74,77.63,1.85,12.068
Sugarcane,Central,Sandy,1256.01,32.01,49.47,5.35,93.48,42.83,142.67,5.0,8.467
Sugarcane,South,Loamy,1267.12,25.8,58.12,6.7,99.81,112.08,80.62,0.96,9.646
Sugarcane,West,Clay,1032.02,36.75,72.03,6.76,86.73,19.38,34.01,7.2,8.472
Sugarcane,North,Sandy,1291.54,34.18,90.36,6.5,129.67,85.56,44.22,9.15,8.541
Sugarcane,West,Alluvial,1102.58,39.84,64.16,5.35,132.61,48.11,89.5,5.43,8.698
Sugarcane,South,Loamy,1272.36,28.74,54.45,6.48,65.51,38.17,85.82,8.44,6.536
Sugarcane,North,Sandy,1002.66,25.46,59.74,6.63,129.62,36.34,123.29,9.14,5.425
Sugarcane,South,Alluvial,1327.18,29.38,53.3,6.24,145.31,57.84,110.61,4.33,11.117
Sugarcane,Central,Loamy,1462.61,24.18,55.84,6.36,141.27,31.51,81.96,7.33,6.786
Sugarcane,North,Clay,998.87,29.34,80.74,6.37,153.68,32.98,105.02,2.84,7.905
Sugarcane,North,Black,947.62,33.94,87.53,6.4,53.02,70.2,71.38,7.8,6.625
Sugarcane,West,Alluvial,1174.39,25.3,67.09,6.93,40.49,37.96,50.29,6.15,7.097
Sugarcane,Central,Black,1425.45,32.97,74.44,6.43,133.16,44.21,73.02,1.92,11.303
Sugarcane,North,Alluvial,1460.2,25.31,75.64,6.76,163.8,74.63,132.28,1.34,9.867
Sugarcane,West,Loamy,1566.31,27.74,67.28,6.47,85.72,88.16,104.14,1.87,11.534
Sugarcane,West,Alluvial,1303.5,27.35,48.1,6.01,165.19,60.84,76.07,4.23,9.815
Sugarcane,Central,Loamy,1498.66,32.85,58.13,6.81,167.59,25.16,33.82,5.7,10.446
Sugarcane,West,Clay,1264.19,25.17,69.57,6.5,36.61,56.99,94.96,3.92,6.446
Sugarcane,West,Black,1306.3,31.37,53.85,6.74,155.7,75.68,53.05,4.31,9.547
Sugarcane,East,Black,1194.39,30.06,66.58,5.66,153.43,30.38,105.25,6.9,6.956
Sugarcane,North,Alluvial,1190.52,32.15,92.58,6.44,161.02,75.22,80.54,8.31,10.854
Sugarcane,West,Black,1113.57,26.32,88.56,6.35,146.92,83.26,39.21,9.16,6.191
Sugarcane,South,Black,1264.5,33.16,85.24,6.37,91.7,104.79,140.42,2.8,10.592
Sugarcane,South,Loamy,1395.51,31.67,64.45,6.5,116.13,83.22,89.04,4.52,12.058
Sugarcane,Central,Clay,1183.97,26.29,78.66,6.66,117.85,55.35,109.63,2.53,9.459
Sugarcane,South,Sandy,1101.02,32.7,88.09,6.48,37.22,96.59,120.74,0.81,8.572
Sugarcane,South,Loamy,1218.08,23.49,72.8,6.65,70.08,97.57,120.86,2.81,8.765
Sugarcane,Central,Black,835.94,30.25,73.86,6.38,166.82,75.99,111.17,1.7,10.532
Sugarcane,South,Loamy,1161.6,33.53,52.06,6.34,79.15,67.15,133.25,8.45,8.559
Sugarcane,East,Clay,1087.91,31.59,90.68,7.14,119.04,26.84,95.32,8.61,6.579
Sugarcane,South,Loamy,1416.92,32.42,51.74,6.63,122.75,109.43,65.49,2.89,12.5
Sugarcane,North,Clay,1182.15,33.47,50.13,6.9,138.38,66.4,34.8,3.42,7.553
Sugarcane,East,Alluvial,1275.12,33.71,68.12,6.16,55.87,20.56,130.97,9.58,7.085
Sugarcane,South,Black,1454.42,33.23,73.06,6.3,59.67,109.76,49.22,6.7,11.292
